LUGAR;HORA;FECHA;Alcatraz_adulto;Alcatraz_inmaduro;Alcatraz_juvenil;Gaviota_patiamarilla;Gaviota_sombria;Gaviota_argentea_europea;Gaviota_caspica;Gaviota_reidora;Gaviota_tridactila
PREBIMEP W;9:15-9:45;09/01/2019;;;;7;;;;;
PREBIMEP A;9:15-9:45;09/01/2019;;;;;;;;;
PREBIMEP E;9:15-9:45;09/01/2019;;;;3;;;;;
BIMEP BAJO W;9:15-9:45;09/01/2019;3;1;;;;;;33;
BIMEP BAJO A;9:15-9:45;09/01/2019;;;;;;;;;
BIMEP BAJO E;9:15-9:45;09/01/2019;7;;;;;;;;
BIMEP ALTO W;9:15-9:45;09/01/2019;;;;1;;;;;
BIMEP ALTO E;9:15-9:45;09/01/2019;;;;1;;;;;
POSBIMEP W;9:15-9:45;09/01/2019;;;;;;;;;
POSBIMEP A;9:15-9:45;09/01/2019;;;;;;;;;
POSBIMEP E;9:15-9:45;09/01/2019;;;;;;;;;
PREBIMEP W;9:45-10:15;09/01/2019;;;;2;;;;;
PREBIMEP A;9:45-10:15;09/01/2019;;;;;;;;;
PREBIMEP E;9:45-10:15;09/01/2019;;;;1;;;;;
BIMEP BAJO W;9:45-10:15;09/01/2019;1;;;;;;;;
BIMEP BAJO A;9:45-10:15;09/01/2019;;;;;;;;;
BIMEP BAJO E;9:45-10:15;09/01/2019;1;;;;;;;;
BIMEP ALTO W;9:45-10:15;09/01/2019;;;;;;;;;
BIMEP ALTO E;9:45-10:15;09/01/2019;;;;;;;;;
POSBIMEP W;9:45-10:15;09/01/2019;;;;;;;;;
POSBIMEP A;9:45-10:15;09/01/2019;;;;;;;;;
POSBIMEP E;9:45-10:15;09/01/2019;6;;;;;;;;
PREBIMEP W;10:15-10:45;09/01/2019;;;;;;;;;
PREBIMEP A;10:15-10:45;09/01/2019;;;;;;;;;
PREBIMEP E;10:15-10:45;09/01/2019;;;;1;;;;;
BIMEP BAJO W;10:15-10:45;09/01/2019;8;;;;;;;;
BIMEP BAJO A;10:15-10:45;09/01/2019;;;;;;;;;
BIMEP BAJO E;10:15-10:45;09/01/2019;5;;;;;;;;
BIMEP ALTO W;10:15-10:45;09/01/2019;;;;;;;;;
BIMEP ALTO E;10:15-10:45;09/01/2019;;;;;;;;;
POSBIMEP W;10:15-10:45;09/01/2019;;;;;;;;;
POSBIMEP A;10:15-10:45;09/01/2019;;;;;;;;;
POSBIMEP E;10:15-10:45;09/01/2019;;;;;;;;;
PREBIMEP W;10:45-11:15;09/01/2019;;;;1;;;;;
PREBIMEP A;10:45-11:15;09/01/2019;;;;;;;;;
PREBIMEP E;10:45-11:15;09/01/2019;;;;1;;;;;
BIMEP BAJO W;10:45-11:15;09/01/2019;;;;;;;;;6
BIMEP BAJO A;10:45-11:15;09/01/2019;;;;;;;;;
BIMEP BAJO E;10:45-11:15;09/01/2019;;;;;;;;;
BIMEP ALTO W;10:45-11:15;09/01/2019;;;;1;;;;;
BIMEP ALTO E;10:45-11:15;09/01/2019;;;;;;;;;
POSBIMEP W;10:45-11:15;09/01/2019;1;;;;;;;;
POSBIMEP A;10:45-11:15;09/01/2019;;;;;;;;;
POSBIMEP E;10:45-11:15;09/01/2019;2;;;;;;;;
PREBIMEP W;11:15-11:45;09/01/2019;;;;3;;;;;
PREBIMEP A;11:15-11:45;09/01/2019;;;;;;;;;
PREBIMEP E;11:15-11:45;09/01/2019;;;;4;;;;;
BIMEP BAJO W;11:15-11:45;09/01/2019;2;;;;;;;;
BIMEP BAJO A;11:15-11:45;09/01/2019;;;;;;;;;
BIMEP BAJO E;11:15-11:45;09/01/2019;2;;;;;;;;
BIMEP ALTO W;11:15-11:45;09/01/2019;;;;1;;;;;
BIMEP ALTO E;11:15-11:45;09/01/2019;;;;;;;;;
POSBIMEP W;11:15-11:45;09/01/2019;;;;;;;;;
POSBIMEP A;11:15-11:45;09/01/2019;;;;;;;;;
POSBIMEP E;11:15-11:45;09/01/2019;2;;;;;;;;
PREBIMEP W;11:45-12:15;09/01/2019;;;;;;;;;
PREBIMEP A;11:45-12:15;09/01/2019;;;;;;;;;
PREBIMEP E;11:45-12:15;09/01/2019;;;;;;;;;
BIMEP BAJO W;11:45-12:15;09/01/2019;;1;;;;;;;
BIMEP BAJO A;11:45-12:15;09/01/2019;;;;3;;;;;
BIMEP BAJO E;11:45-12:15;09/01/2019;;;;;;;;;
BIMEP ALTO W;11:45-12:15;09/01/2019;;;;;;;;;
BIMEP ALTO E;11:45-12:15;09/01/2019;;;;;;;;;
POSBIMEP W;11:45-12:15;09/01/2019;2;;;;;;;;
POSBIMEP A;11:45-12:15;09/01/2019;;;;;;;;;
POSBIMEP E;11:45-12:15;09/01/2019;2;;;;;;;;
PREBIMEP W;14:15-14:45;09/01/2019;;;;;;;;;
PREBIMEP A;14:15-14:45;09/01/2019;;;;;;;;;
PREBIMEP E;14:15-14:45;09/01/2019;;;;;;;;;
BIMEP BAJO W;14:15-14:45;09/01/2019;;;;;;;;;
BIMEP BAJO A;14:15-14:45;09/01/2019;;;;;;;;;
BIMEP BAJO E;14:15-14:45;09/01/2019;7;;;;;;;;
BIMEP ALTO W;14:15-14:45;09/01/2019;;;;;;;;;
BIMEP ALTO E;14:15-14:45;09/01/2019;;;;;;;;;
POSBIMEP W;14:15-14:45;09/01/2019;2;;;;;;;;
POSBIMEP A;14:15-14:45;09/01/2019;;;;;;;;;
POSBIMEP E;14:15-14:45;09/01/2019;;;;;;;;;
PREBIMEP W;14:45-15:15;09/01/2019;;;;1;;;;;
PREBIMEP A;14:45-15:15;09/01/2019;;;;;;;;;
PREBIMEP E;14:45-15:15;09/01/2019;;;;;;;;;
BIMEP BAJO W;14:45-15:15;09/01/2019;;;;;;;;;
BIMEP BAJO A;14:45-15:15;09/01/2019;;;;;;;;;
BIMEP BAJO E;14:45-15:15;09/01/2019;;;;;;;;;
BIMEP ALTO W;14:45-15:15;09/01/2019;;;;1;;;;;
BIMEP ALTO E;14:45-15:15;09/01/2019;;;;;;;;;
POSBIMEP W;14:45-15:15;09/01/2019;;;;;;;;;
POSBIMEP A;14:45-15:15;09/01/2019;;;;;;;;;
POSBIMEP E;14:45-15:15;09/01/2019;6;;;;;;;;
PREBIMEP W;15:15-15:45;09/01/2019;;;;;;;;;
PREBIMEP A;15:15-15:45;09/01/2019;;;;;;;;;
PREBIMEP E;15:15-15:45;09/01/2019;;;;2;;;;;
BIMEP BAJO W;15:15-15:45;09/01/2019;1;;;;;;;;
BIMEP BAJO A;15:15-15:45;09/01/2019;;;;;;;;;
BIMEP BAJO E;15:15-15:45;09/01/2019;;;;;;;;;
BIMEP ALTO W;15:15-15:45;09/01/2019;2;;;;;;;;
BIMEP ALTO E;15:15-15:45;09/01/2019;1;;;1;;;;;
POSBIMEP W;15:15-15:45;09/01/2019;1;;;;;;;;
POSBIMEP A;15:15-15:45;09/01/2019;;;;;;;;;
POSBIMEP E;15:15-15:45;09/01/2019;4;;;;;;;;
PREBIMEP W;15:45-16:15;09/01/2019;;;;;;;;;
PREBIMEP A;15:45-16:15;09/01/2019;;;;;;;;;
PREBIMEP E;15:45-16:15;09/01/2019;;;;1;;;;;
BIMEP BAJO W;15:45-16:15;09/01/2019;;;;;;;;;
BIMEP BAJO A;15:45-16:15;09/01/2019;;;;;;;;;
BIMEP BAJO E;15:45-16:15;09/01/2019;;;;;;;;;
BIMEP ALTO W;15:45-16:15;09/01/2019;;;;;;;;;
BIMEP ALTO E;15:45-16:15;09/01/2019;;;;;;;;;
POSBIMEP W;15:45-16:15;09/01/2019;1;;;;;;;;
POSBIMEP A;15:45-16:15;09/01/2019;;;;;;;;;
POSBIMEP E;15:45-16:15;09/01/2019;6;;;;;;;;
PREBIMEP W;16:15-16:45;09/01/2019;;;;;;;;;
PREBIMEP A;16:15-16:45;09/01/2019;;;;;;;;;
PREBIMEP E;16:15-16:45;09/01/2019;;;;2;;;;;
BIMEP BAJO W;16:15-16:45;09/01/2019;;;;;;;;;
BIMEP BAJO A;16:15-16:45;09/01/2019;;;;;;;;;
BIMEP BAJO E;16:15-16:45;09/01/2019;;;;;;;;;
BIMEP ALTO W;16:15-16:45;09/01/2019;;;;;;;;;
BIMEP ALTO E;16:15-16:45;09/01/2019;;;;;;;;;
POSBIMEP W;16:15-16:45;09/01/2019;;;;;;;;;
POSBIMEP A;16:15-16:45;09/01/2019;;;;;;;;;
POSBIMEP E;16:15-16:45;09/01/2019;;;;;;;;;
PREBIMEP W;16:45-17:15;09/01/2019;;;;2;;;;;
PREBIMEP A;16:45-17:15;09/01/2019;;;;;;;;;
PREBIMEP E;16:45-17:15;09/01/2019;;;;3;;;;;
BIMEP BAJO W;16:45-17:15;09/01/2019;;;;;;;;;
BIMEP BAJO A;16:45-17:15;09/01/2019;;;;;;;;;
BIMEP BAJO E;16:45-17:15;09/01/2019;;;;;;;;;
BIMEP ALTO W;16:45-17:15;09/01/2019;;;;;;;;;
BIMEP ALTO E;16:45-17:15;09/01/2019;;;;;;;;;
POSBIMEP W;16:45-17:15;09/01/2019;;;;;;;;;
POSBIMEP A;16:45-17:15;09/01/2019;;;;;;;;;
POSBIMEP E;16:45-17:15;09/01/2019;;;;;;;;;
PREBIMEP W;9:00-9:30;26/02/2019;3;;;8;;;;;
PREBIMEP A;9:00-9:30;26/02/2019;;;;;;;;;
PREBIMEP E;9:00-9:30;26/02/2019;;;;12;13;;;;
BIMEP BAJO W;9:00-9:30;26/02/2019;6;;;;;;;;
BIMEP BAJO A;9:00-9:30;26/02/2019;;;;;;;;;
BIMEP BAJO E;9:00-9:30;26/02/2019;2;;;;;;;;
BIMEP ALTO W;9:00-9:30;26/02/2019;;;;;;;;;
BIMEP ALTO E;9:00-9:30;26/02/2019;;;;3;;;;;
POSBIMEP W;9:00-9:30;26/02/2019;;7;;;;;;;
POSBIMEP A;9:00-9:30;26/02/2019;;;;;;;;;
POSBIMEP E;9:00-9:30;26/02/2019;;29;;;;;;;
PREBIMEP W;9:30-10:00;26/02/2019;1;;;9;;;;;
PREBIMEP A;9:30-10:00;26/02/2019;;;;;;;;;
PREBIMEP E;9:30-10:00;26/02/2019;;;;13;10;;;;
BIMEP BAJO W;9:30-10:00;26/02/2019;3;;;2;;;;;
BIMEP BAJO A;9:30-10:00;26/02/2019;;;;;;;;;
BIMEP BAJO E;9:30-10:00;26/02/2019;;;;;;;;;
BIMEP ALTO W;9:30-10:00;26/02/2019;;;;;;;;;
BIMEP ALTO E;9:30-10:00;26/02/2019;;;;;;;;;
POSBIMEP W;9:30-10:00;26/02/2019;;;;;;;;;
POSBIMEP A;9:30-10:00;26/02/2019;;;;;;;;;
POSBIMEP E;9:30-10:00;26/02/2019;18;;;;;;;;
PREBIMEP W;10:00-10:30;26/02/2019;4;;;12;8;;;1;
PREBIMEP A;10:00-10:30;26/02/2019;;;;;;;;;
PREBIMEP E;10:00-10:30;26/02/2019;;;;14;;;;;
BIMEP BAJO W;10:00-10:30;26/02/2019;6;;;;;;;;
BIMEP BAJO A;10:00-10:30;26/02/2019;;;;;;;;;
BIMEP BAJO E;10:00-10:30;26/02/2019;;;;;;;;;
BIMEP ALTO W;10:00-10:30;26/02/2019;7;;;;;;;;
BIMEP ALTO E;10:00-10:30;26/02/2019;2;;;;;;;;
POSBIMEP W;10:00-10:30;26/02/2019;;;;;;;;;
POSBIMEP A;10:00-10:30;26/02/2019;;;;;;;;;
POSBIMEP E;10:00-10:30;26/02/2019;;7;;;;;;;
PREBIMEP W;10:30-11:00;26/02/2019;2;;;6;;;;;
PREBIMEP A;10:30-11:00;26/02/2019;;;;;;;;;
PREBIMEP E;10:30-11:00;26/02/2019;;;;16;23;;;;
BIMEP BAJO W;10:30-11:00;26/02/2019;;;;;;;;;
BIMEP BAJO A;10:30-11:00;26/02/2019;;;;;;;;;
BIMEP BAJO E;10:30-11:00;26/02/2019;11;;;;;;;;
BIMEP ALTO W;10:30-11:00;26/02/2019;3;;;;;;;;
BIMEP ALTO E;10:30-11:00;26/02/2019;8;;;;;;;;
POSBIMEP W;10:30-11:00;26/02/2019;;;;;;;;;
POSBIMEP A;10:30-11:00;26/02/2019;;;;;;;;;
POSBIMEP E;10:30-11:00;26/02/2019;17;;;;;;;;
PREBIMEP W;11:00-11:30;26/02/2019;;;;7;1;;;;
PREBIMEP A;11:00-11:30;26/02/2019;;;;;;;;;
PREBIMEP E;11:00-11:30;26/02/2019;;;;5;6;;;;
BIMEP BAJO W;11:00-11:30;26/02/2019;;;;;;;;;
BIMEP BAJO A;11:00-11:30;26/02/2019;;;;;;;;;
BIMEP BAJO E;11:00-11:30;26/02/2019;;;;;;;;3;
BIMEP ALTO W;11:00-11:30;26/02/2019;2;1;;1;;;;;
BIMEP ALTO E;11:00-11:30;26/02/2019;6;;;3;;;;;
POSBIMEP W;11:00-11:30;26/02/2019;;;;;;;;;
POSBIMEP A;11:00-11:30;26/02/2019;;;;;;;;;
POSBIMEP E;11:00-11:30;26/02/2019;;;;;;;;;
PREBIMEP W;11:30-12:00;26/02/2019;;;;7;;;;;
PREBIMEP A;11:30-12:00;26/02/2019;;;;;;;;;
PREBIMEP E;11:30-12:00;26/02/2019;;1;;13;1;;;;
BIMEP BAJO W;11:30-12:00;26/02/2019;;;;;;;;;
BIMEP BAJO A;11:30-12:00;26/02/2019;;;;;;;;;
BIMEP BAJO E;11:30-12:00;26/02/2019;;;;;;;;;
BIMEP ALTO W;11:30-12:00;26/02/2019;;;;;;;;;
BIMEP ALTO E;11:30-12:00;26/02/2019;1;;;;;;;;
POSBIMEP W;11:30-12:00;26/02/2019;;;;;;;;;
POSBIMEP A;11:30-12:00;26/02/2019;;;;;;;;;
POSBIMEP E;11:30-12:00;26/02/2019;3;2;;;;;;;
PREBIMEP W;15:00-15:30;26/02/2019;;;;2;;;;;
PREBIMEP A;15:00-15:30;26/02/2019;;;;;;;;;
PREBIMEP E;15:00-15:30;26/02/2019;;;;7;11;;;;
BIMEP BAJO W;15:00-15:30;26/02/2019;;;;;;;;;
BIMEP BAJO A;15:00-15:30;26/02/2019;;;;;;;;;
BIMEP BAJO E;15:00-15:30;26/02/2019;1;;;;;;;;
BIMEP ALTO W;15:00-15:30;26/02/2019;;;;;;;;;
BIMEP ALTO E;15:00-15:30;26/02/2019;1;;;1;;;;;
POSBIMEP W;15:00-15:30;26/02/2019;;;;;;;;;
POSBIMEP A;15:00-15:30;26/02/2019;;;;;;;;;
POSBIMEP E;15:00-15:30;26/02/2019;;;;;;;;;
PREBIMEP W;15:30-16:00;26/02/2019;;;;4;;;;;
PREBIMEP A;15:30-16:00;26/02/2019;;;;;;;;;
PREBIMEP E;15:30-16:00;26/02/2019;;;;5;13;;;;
BIMEP BAJO W;15:30-16:00;26/02/2019;;;;;;;;;
BIMEP BAJO A;15:30-16:00;26/02/2019;;;;;;;;;
BIMEP BAJO E;15:30-16:00;26/02/2019;;;;1;;;;2;
BIMEP ALTO W;15:30-16:00;26/02/2019;;;;;;;;;
BIMEP ALTO E;15:30-16:00;26/02/2019;;;;;;;;;
POSBIMEP W;15:30-16:00;26/02/2019;;;;;;;;;
POSBIMEP A;15:30-16:00;26/02/2019;;;;;;;;;
POSBIMEP E;15:30-16:00;26/02/2019;;;;;;;;;
PREBIMEP W;16:00-16:30;26/02/2019;;;;4;3;;;;
PREBIMEP A;16:00-16:30;26/02/2019;;;;;;;;;
PREBIMEP E;16:00-16:30;26/02/2019;;;;4;;;;;
BIMEP BAJO W;16:00-16:30;26/02/2019;10;;;;;;;;
BIMEP BAJO A;16:00-16:30;26/02/2019;;;;;;;;;
BIMEP BAJO E;16:00-16:30;26/02/2019;3;;;;;;;1;
BIMEP ALTO W;16:00-16:30;26/02/2019;8;;;;;;;;
BIMEP ALTO E;16:00-16:30;26/02/2019;1;;;;;;;;
POSBIMEP W;16:00-16:30;26/02/2019;;;;;;;;;
POSBIMEP A;16:00-16:30;26/02/2019;;;;;;;;;
POSBIMEP E;16:00-16:30;26/02/2019;;;;;;;;;
PREBIMEP W;16:30-17:00;26/02/2019;;;;6;;;;;
PREBIMEP A;16:30-17:00;26/02/2019;;;;;;;;;
PREBIMEP E;16:30-17:00;26/02/2019;;;;25;9;;;;
BIMEP BAJO W;16:30-17:00;26/02/2019;2;;;;;;;;
BIMEP BAJO A;16:30-17:00;26/02/2019;;;;;;;;;
BIMEP BAJO E;16:30-17:00;26/02/2019;9;;;;;;;;
BIMEP ALTO W;16:30-17:00;26/02/2019;3;;;;;;;;
BIMEP ALTO E;16:30-17:00;26/02/2019;3;;;;;;;;
POSBIMEP W;16:30-17:00;26/02/2019;;;;;;;;;
POSBIMEP A;16:30-17:00;26/02/2019;;;;;;;;;
POSBIMEP E;16:30-17:00;26/02/2019;;;;;;;;;
PREBIMEP W;17:00-17:30;26/02/2019;1;;;4;;;;;
PREBIMEP A;17:00-17:30;26/02/2019;;;;;;;;;
PREBIMEP E;17:00-17:30;26/02/2019;2;;;6;9;;;;
BIMEP BAJO W;17:00-17:30;26/02/2019;2;;;;;;;;
BIMEP BAJO A;17:00-17:30;26/02/2019;;;;;;;;;
BIMEP BAJO E;17:00-17:30;26/02/2019;12;1;;;;;;;
BIMEP ALTO W;17:00-17:30;26/02/2019;7;;;;;;;;
BIMEP ALTO E;17:00-17:30;26/02/2019;1;;;;;;;;
POSBIMEP W;17:00-17:30;26/02/2019;4;;;;;;;;
POSBIMEP A;17:00-17:30;26/02/2019;;;;;;;;;
POSBIMEP E;17:00-17:30;26/02/2019;8;;;;;;;;
PREBIMEP W;17:30-18:00;26/02/2019;4;;;;;;;;
PREBIMEP A;17:30-18:00;26/02/2019;;;;;;;;;
PREBIMEP E;17:30-18:00;26/02/2019;2;1;;;36;;;;
BIMEP BAJO W;17:30-18:00;26/02/2019;3;;;;;;;;
BIMEP BAJO A;17:30-18:00;26/02/2019;;;;;;;;;
BIMEP BAJO E;17:30-18:00;26/02/2019;1;;;;;;;;
BIMEP ALTO W;17:30-18:00;26/02/2019;3;1;;;;;;;
BIMEP ALTO E;17:30-18:00;26/02/2019;1;;;;;;;;
POSBIMEP W;17:30-18:00;26/02/2019;1;;;;;;;;
POSBIMEP A;17:30-18:00;26/02/2019;;;;;;;;;
POSBIMEP E;17:30-18:00;26/02/2019;;;;;;;;;
PREBIMEP W;9:15-9:45;13/05/2019;;;;7;;;;;
PREBIMEP A;9:15-9:45;13/05/2019;;;;7;;;;;
PREBIMEP E;9:15-9:45;13/05/2019;;;;21;;;;;
BIMEP BAJO W;9:15-9:45;13/05/2019;;;;1;;;;;
BIMEP BAJO A;9:15-9:45;13/05/2019;;1;;;;;;;
BIMEP BAJO E;9:15-9:45;13/05/2019;;2;;2;;;;;
BIMEP ALTO W;9:15-9:45;13/05/2019;;2;;;;;;;
BIMEP ALTO E;9:15-9:45;13/05/2019;2;4;;;;;;;
POSBIMEP W;9:15-9:45;13/05/2019;;;;;;;;;
POSBIMEP A;9:15-9:45;13/05/2019;;;;;;;;;
POSBIMEP E;9:15-9:45;13/05/2019;;1;;;;;;;
PREBIMEP W;9:45-10:15;13/05/2019;;;;16;;;;;
PREBIMEP A;9:45-10:15;13/05/2019;;;;;;;;;
PREBIMEP E;9:45-10:15;13/05/2019;;;;5;;;;;
BIMEP BAJO W;9:45-10:15;13/05/2019;;;;4;;;;;
BIMEP BAJO A;9:45-10:15;13/05/2019;;;;;;;;;
BIMEP BAJO E;9:45-10:15;13/05/2019;;;;42;;;;;
BIMEP ALTO W;9:45-10:15;13/05/2019;;;;2;;;;;
BIMEP ALTO E;9:45-10:15;13/05/2019;;;;;;;;;
POSBIMEP W;9:45-10:15;13/05/2019;;;;;;;;;
POSBIMEP A;9:45-10:15;13/05/2019;;;;;;;;;
POSBIMEP E;9:45-10:15;13/05/2019;;;;;;;;;
PREBIMEP W;10:15-10:45;13/05/2019;;;;;;;;;
PREBIMEP A;10:15-10:45;13/05/2019;;;;;;;;;
PREBIMEP E;10:15-10:45;13/05/2019;;;;5;;;;;
BIMEP BAJO W;10:15-10:45;13/05/2019;1;;;;;;;;
BIMEP BAJO A;10:15-10:45;13/05/2019;;;;;;;;;
BIMEP BAJO E;10:15-10:45;13/05/2019;;;;11;;;;;
BIMEP ALTO W;10:15-10:45;13/05/2019;;;;;;;;;
BIMEP ALTO E;10:15-10:45;13/05/2019;;;;7;;;;;
POSBIMEP W;10:15-10:45;13/05/2019;;;;1;;;;;
POSBIMEP A;10:15-10:45;13/05/2019;;;;;;;;;
POSBIMEP E;10:15-10:45;13/05/2019;;;;;;;;;
PREBIMEP W;10:45-11:15;13/05/2019;;;;1;;;;;
PREBIMEP A;10:45-11:15;13/05/2019;;;;;;;;;
PREBIMEP E;10:45-11:15;13/05/2019;;;;;;;;;
BIMEP BAJO W;10:45-11:15;13/05/2019;;;;47;;;;;
BIMEP BAJO A;10:45-11:15;13/05/2019;;;;;;;;;
BIMEP BAJO E;10:45-11:15;13/05/2019;;;;27;;;;;
BIMEP ALTO W;10:45-11:15;13/05/2019;;;;36;;;;;
BIMEP ALTO E;10:45-11:15;13/05/2019;;;;16;;;;;
POSBIMEP W;10:45-11:15;13/05/2019;;;;;;;;;
POSBIMEP A;10:45-11:15;13/05/2019;;;;;;;;;
POSBIMEP E;10:45-11:15;13/05/2019;;;;;;;;;
PREBIMEP W;11:15-11:45;13/05/2019;;;;;;;;;
PREBIMEP A;11:15-11:45;13/05/2019;;;;;;;;;
PREBIMEP E;11:15-11:45;13/05/2019;;;;3;1;;;;
BIMEP BAJO W;11:15-11:45;13/05/2019;;;;;;;;;
BIMEP BAJO A;11:15-11:45;13/05/2019;;;;;;;;;
BIMEP BAJO E;11:15-11:45;13/05/2019;;;;12;;;;;
BIMEP ALTO W;11:15-11:45;13/05/2019;;;;2;;;;;
BIMEP ALTO E;11:15-11:45;13/05/2019;;;;16;;;;;
POSBIMEP W;11:15-11:45;13/05/2019;;;;;;;;;
POSBIMEP A;11:15-11:45;13/05/2019;;;;;;;;;
POSBIMEP E;11:15-11:45;13/05/2019;;;;12;;;;;
PREBIMEP W;11:45-12:15;13/05/2019;;;;;;;;;
PREBIMEP A;11:45-12:15;13/05/2019;;;;;;;;;
PREBIMEP E;11:45-12:15;13/05/2019;;;;;;;;;
BIMEP BAJO W;11:45-12:15;13/05/2019;;;;;;;;;
BIMEP BAJO A;11:45-12:15;13/05/2019;;1;;236;;;;;
BIMEP BAJO E;11:45-12:15;13/05/2019;;;;3;;;;;
BIMEP ALTO W;11:45-12:15;13/05/2019;;;;;;;;;
BIMEP ALTO E;11:45-12:15;13/05/2019;;;;19;;;;;
POSBIMEP W;11:45-12:15;13/05/2019;;;;;;;;;
POSBIMEP A;11:45-12:15;13/05/2019;;;;;;;;;
POSBIMEP E;11:45-12:15;13/05/2019;;;;;;;;;
PREBIMEP W;16:40-17:10;13/05/2019;;;;2;;;;;
PREBIMEP A;16:40-17:10;13/05/2019;;;;;;;;;
PREBIMEP E;16:40-17:10;13/05/2019;;;;2;;;;;
BIMEP BAJO W;16:40-17:10;13/05/2019;;;;7;;;;;
BIMEP BAJO A;16:40-17:10;13/05/2019;;;;;;;;;
BIMEP BAJO E;16:40-17:10;13/05/2019;;;;18;;;;;
BIMEP ALTO W;16:40-17:10;13/05/2019;;;;13;;;;;
BIMEP ALTO E;16:40-17:10;13/05/2019;;;;7;;;;;
POSBIMEP W;16:40-17:10;13/05/2019;;;;2;;;;;
POSBIMEP A;16:40-17:10;13/05/2019;;;;;;;;;
POSBIMEP E;16:40-17:10;13/05/2019;;;;;;;;;
PREBIMEP W;17:10-17:40;13/05/2019;;;;20;;;;;
PREBIMEP A;17:10-17:40;13/05/2019;;;;;;;;;
PREBIMEP E;17:10-17:40;13/05/2019;;;;4;;;;;
BIMEP BAJO W;17:10-17:40;13/05/2019;;;;1;;;;;
BIMEP BAJO A;17:10-17:40;13/05/2019;;;;;;;;;
BIMEP BAJO E;17:10-17:40;13/05/2019;;;;1;;;;;
BIMEP ALTO W;17:10-17:40;13/05/2019;;;;13;;;;;
BIMEP ALTO E;17:10-17:40;13/05/2019;;;;;;;;;
POSBIMEP W;17:10-17:40;13/05/2019;;;;;;;;;
POSBIMEP A;17:10-17:40;13/05/2019;;;;;;;;;
POSBIMEP E;17:10-17:40;13/05/2019;;;;;;;;;
PREBIMEP W;17:40-18:10;13/05/2019;;;;2;;;;;
PREBIMEP A;17:40-18:10;13/05/2019;;;;;;;;;
PREBIMEP E;17:40-18:10;13/05/2019;;;;6;;;;;
BIMEP BAJO W;17:40-18:10;13/05/2019;;;;;;;;;
BIMEP BAJO A;17:40-18:10;13/05/2019;;;;;;;;;
BIMEP BAJO E;17:40-18:10;13/05/2019;;;;;;;;;
BIMEP ALTO W;17:40-18:10;13/05/2019;;;;13;;;;;
BIMEP ALTO E;17:40-18:10;13/05/2019;;;;1;;;;;
POSBIMEP W;17:40-18:10;13/05/2019;;;;7;;;;;
POSBIMEP A;17:40-18:10;13/05/2019;;;;;;;;;
POSBIMEP E;17:40-18:10;13/05/2019;;;;9;;;;;
PREBIMEP W;18:10-18:40;13/05/2019;;;;4;;;;;
PREBIMEP A;18:10-18:40;13/05/2019;;;;;;;;;
PREBIMEP E;18:10-18:40;13/05/2019;;;;3;;;;;
BIMEP BAJO W;18:10-18:40;13/05/2019;;;;3;;;;;
BIMEP BAJO A;18:10-18:40;13/05/2019;;;;;;;;;
BIMEP BAJO E;18:10-18:40;13/05/2019;;;;2;;;;;
BIMEP ALTO W;18:10-18:40;13/05/2019;;;;4;;;;;
BIMEP ALTO E;18:10-18:40;13/05/2019;;;;6;;;;;
POSBIMEP W;18:10-18:40;13/05/2019;;;;24;;;;;
POSBIMEP A;18:10-18:40;13/05/2019;;;;;;;;;
POSBIMEP E;18:10-18:40;13/05/2019;;;;7;;;;;
PREBIMEP W;18:40-19:10;13/05/2019;;;;;;;;;
PREBIMEP A;18:40-19:10;13/05/2019;;;;;;;;;
PREBIMEP E;18:40-19:10;13/05/2019;;;;;;;;;
BIMEP BAJO W;18:40-19:10;13/05/2019;;;;;;;;;
BIMEP BAJO A;18:40-19:10;13/05/2019;;;;;;;;;
BIMEP BAJO E;18:40-19:10;13/05/2019;;;;;;;;;
BIMEP ALTO W;18:40-19:10;13/05/2019;;;;5;;;;;
BIMEP ALTO E;18:40-19:10;13/05/2019;;;;8;;;;;
POSBIMEP W;18:40-19:10;13/05/2019;;;;13;;;;;
POSBIMEP A;18:40-19:10;13/05/2019;;;;;;;;;
POSBIMEP E;18:40-19:10;13/05/2019;;;;1;;;;;
PREBIMEP W;19:10-19:40;13/05/2019;;;;2;;;;;
PREBIMEP A;19:10-19:40;13/05/2019;;;;;;;;;
PREBIMEP E;19:10-19:40;13/05/2019;;;;2;;;;;
BIMEP BAJO W;19:10-19:40;13/05/2019;;;;4;;;;;
BIMEP BAJO A;19:10-19:40;13/05/2019;;;;;;;;;
BIMEP BAJO E;19:10-19:40;13/05/2019;;;;;;;;;
BIMEP ALTO W;19:10-19:40;13/05/2019;;;;7;;;;;
BIMEP ALTO E;19:10-19:40;13/05/2019;;;;8;;;;;
POSBIMEP W;19:10-19:40;13/05/2019;;;;23;;;;;
POSBIMEP A;19:10-19:40;13/05/2019;;;;;;;;;
POSBIMEP E;19:10-19:40;13/05/2019;;;;65;;;;;
PREBIMEP W;9:00-9:30;31/05/2019;;;;20;;;;;
PREBIMEP A;9:00-9:30;31/05/2019;;;;;;;;;
PREBIMEP E;9:00-9:30;31/05/2019;;;;;;;;;
BIMEP BAJO W;9:00-9:30;31/05/2019;1;;;;1;;;;
BIMEP BAJO A;9:00-9:30;31/05/2019;;;;;;;;;
BIMEP BAJO E;9:00-9:30;31/05/2019;;;;;;;;;
BIMEP ALTO W;9:00-9:30;31/05/2019;;;;;;;;;
BIMEP ALTO E;9:00-9:30;31/05/2019;;;;;;;;;
POSBIMEP W;9:00-9:30;31/05/2019;;;;;;;;;
POSBIMEP A;9:00-9:30;31/05/2019;;;;;;;;;
POSBIMEP E;9:00-9:30;31/05/2019;;;;;;;;;
PREBIMEP W;9:30-10:00;31/05/2019;;;;1;;;;;
PREBIMEP A;9:30-10:00;31/05/2019;;;;;;;;;
PREBIMEP E;9:30-10:00;31/05/2019;;;;;;;;;
BIMEP BAJO W;9:30-10:00;31/05/2019;;;;;;;;;
BIMEP BAJO A;9:30-10:00;31/05/2019;;;;;;;;;
BIMEP BAJO E;9:30-10:00;31/05/2019;;;;;;;;;
BIMEP ALTO W;9:30-10:00;31/05/2019;;;;;;;;;
BIMEP ALTO E;9:30-10:00;31/05/2019;;;;;;;;;
POSBIMEP W;9:30-10:00;31/05/2019;;;;;;;;;
POSBIMEP A;9:30-10:00;31/05/2019;;;;;;;;;
POSBIMEP E;9:30-10:00;31/05/2019;;;;;;;;;
PREBIMEP W;10:00-10:30;31/05/2019;;;;2;;;;;
PREBIMEP A;10:00-10:30;31/05/2019;;;;;;;;;
PREBIMEP E;10:00-10:30;31/05/2019;;;;6;;;;;
BIMEP BAJO W;10:00-10:30;31/05/2019;;;;;;;;;
BIMEP BAJO A;10:00-10:30;31/05/2019;;;;;;;;;
BIMEP BAJO E;10:00-10:30;31/05/2019;;;;6;;;;;
BIMEP ALTO W;10:00-10:30;31/05/2019;;;;;;;;;
BIMEP ALTO E;10:00-10:30;31/05/2019;;;;;;;;;
POSBIMEP W;10:00-10:30;31/05/2019;;;;;;;;;
POSBIMEP A;10:00-10:30;31/05/2019;;;;;;;;;
POSBIMEP E;10:00-10:30;31/05/2019;;;;;;;;;
PREBIMEP W;10:30-11:00;31/05/2019;;;;;;;;;
PREBIMEP A;10:30-11:00;31/05/2019;;;;;;;;;
PREBIMEP E;10:30-11:00;31/05/2019;;;;3;;;;;
BIMEP BAJO W;10:30-11:00;31/05/2019;;;;;;;;;
BIMEP BAJO A;10:30-11:00;31/05/2019;;;;;;;;;
BIMEP BAJO E;10:30-11:00;31/05/2019;;;;3;;;;;
BIMEP ALTO W;10:30-11:00;31/05/2019;;;;;;;;;
BIMEP ALTO E;10:30-11:00;31/05/2019;;;;;;;;;
POSBIMEP W;10:30-11:00;31/05/2019;;;;;;;;;
POSBIMEP A;10:30-11:00;31/05/2019;;;;;;;;;
POSBIMEP E;10:30-11:00;31/05/2019;;;;;;;;;
PREBIMEP W;11:00-11:30;31/05/2019;;;;3;;;;;
PREBIMEP A;11:00-11:30;31/05/2019;;;;;;;;;
PREBIMEP E;11:00-11:30;31/05/2019;;;;;;;;;
BIMEP BAJO W;11:00-11:30;31/05/2019;;;;2;;;;;
BIMEP BAJO A;11:00-11:30;31/05/2019;;;;24;;;;;
BIMEP BAJO E;11:00-11:30;31/05/2019;;;;1;;;;;
BIMEP ALTO W;11:00-11:30;31/05/2019;;;;;;;;;
BIMEP ALTO E;11:00-11:30;31/05/2019;;;;;;;;;
POSBIMEP W;11:00-11:30;31/05/2019;1;;;;;;;;
POSBIMEP A;11:00-11:30;31/05/2019;;;;;;;;;
POSBIMEP E;11:00-11:30;31/05/2019;;;;;;;;;
PREBIMEP W;11:30-12:00;31/05/2019;1;;;1;;;;;
PREBIMEP A;11:30-12:00;31/05/2019;;;;;;;;;
PREBIMEP E;11:30-12:00;31/05/2019;;;;;;;;;
BIMEP BAJO W;11:30-12:00;31/05/2019;;;;1;;;;;
BIMEP BAJO A;11:30-12:00;31/05/2019;;;;;;;;;
BIMEP BAJO E;11:30-12:00;31/05/2019;;;;;;;;;
BIMEP ALTO W;11:30-12:00;31/05/2019;;;;;;;;;
BIMEP ALTO E;11:30-12:00;31/05/2019;;;;;;;;;
POSBIMEP W;11:30-12:00;31/05/2019;;;;;;;;;
POSBIMEP A;11:30-12:00;31/05/2019;;;;;;;;;
POSBIMEP E;11:30-12:00;31/05/2019;;;;;;;;;
PREBIMEP W;15:15-15:45;31/05/2019;;;;1;;;;;
PREBIMEP A;15:15-15:45;31/05/2019;;;;;;;;;
PREBIMEP E;15:15-15:45;31/05/2019;;;;5;;;;;
BIMEP BAJO W;15:15-15:45;31/05/2019;;;;;;;;;
BIMEP BAJO A;15:15-15:45;31/05/2019;;;;;;;;;
BIMEP BAJO E;15:15-15:45;31/05/2019;;;;5;;;;;
BIMEP ALTO W;15:15-15:45;31/05/2019;;;;;;;;;
BIMEP ALTO E;15:15-15:45;31/05/2019;;;;;;;;;
POSBIMEP W;15:15-15:45;31/05/2019;;;;;;;;;
POSBIMEP A;15:15-15:45;31/05/2019;;;;;;;;;
POSBIMEP E;15:15-15:45;31/05/2019;;;;;;;;;
PREBIMEP W;15:45-16:15;31/05/2019;;;;;;;;;
PREBIMEP A;15:45-16:15;31/05/2019;;;;60;;;;;
PREBIMEP E;15:45-16:15;31/05/2019;;;;1;;;;;
BIMEP BAJO W;15:45-16:15;31/05/2019;;;;3;;;;;
BIMEP BAJO A;15:45-16:15;31/05/2019;;;;37;;;;;
BIMEP BAJO E;15:45-16:15;31/05/2019;;;;5;;;;;
BIMEP ALTO W;15:45-16:15;31/05/2019;;;;;;;;;
BIMEP ALTO E;15:45-16:15;31/05/2019;;;;;;;;;
POSBIMEP W;15:45-16:15;31/05/2019;;;;;;;;;
POSBIMEP A;15:45-16:15;31/05/2019;;;;;;;;;
POSBIMEP E;15:45-16:15;31/05/2019;;;;;;;;;
PREBIMEP W;16:15-16:45;31/05/2019;;;;1;;;;;
PREBIMEP A;16:15-16:45;31/05/2019;;;;;;;;;
PREBIMEP E;16:15-16:45;31/05/2019;;;;4;;;;;
BIMEP BAJO W;16:15-16:45;31/05/2019;;;;2;;;;;
BIMEP BAJO A;16:15-16:45;31/05/2019;;;;;;;;;
BIMEP BAJO E;16:15-16:45;31/05/2019;1;;;2;;;;;
BIMEP ALTO W;16:15-16:45;31/05/2019;;;;;;;;;
BIMEP ALTO E;16:15-16:45;31/05/2019;;;;;;;;;
POSBIMEP W;16:15-16:45;31/05/2019;;;;;;;;;
POSBIMEP A;16:15-16:45;31/05/2019;;;;;;;;;
POSBIMEP E;16:15-16:45;31/05/2019;;;;;;;;;
PREBIMEP W;16:45-17:15;31/05/2019;;;;;;;;;
PREBIMEP A;16:45-17:15;31/05/2019;;;;;;;;;
PREBIMEP E;16:45-17:15;31/05/2019;;;;5;;;;;
BIMEP BAJO W;16:45-17:15;31/05/2019;;;;1;;;;;
BIMEP BAJO A;16:45-17:15;31/05/2019;;;;15;;;;;
BIMEP BAJO E;16:45-17:15;31/05/2019;2;;;16;;;;;
BIMEP ALTO W;16:45-17:15;31/05/2019;;;;;;;;;
BIMEP ALTO E;16:45-17:15;31/05/2019;;;;;;;;;
POSBIMEP W;16:45-17:15;31/05/2019;;;;;;;;;
POSBIMEP A;16:45-17:15;31/05/2019;;;;;;;;;
POSBIMEP E;16:45-17:15;31/05/2019;;;;;;;;;
PREBIMEP W;17:15-17:45;31/05/2019;;;;2;;;;;
PREBIMEP A;17:15-17:45;31/05/2019;;;;3;;;;;
PREBIMEP E;17:15-17:45;31/05/2019;;;;10;;;;;
BIMEP BAJO W;17:15-17:45;31/05/2019;1;;;;;;;;
BIMEP BAJO A;17:15-17:45;31/05/2019;1;;;;;;;;
BIMEP BAJO E;17:15-17:45;31/05/2019;;;;;;;;;
BIMEP ALTO W;17:15-17:45;31/05/2019;;;;;;;;;
BIMEP ALTO E;17:15-17:45;31/05/2019;;;;3;;;;;
POSBIMEP W;17:15-17:45;31/05/2019;;;;;;;;;
POSBIMEP A;17:15-17:45;31/05/2019;;;;;;;;;
POSBIMEP E;17:15-17:45;31/05/2019;;;;;;;;;
PREBIMEP W;17:45-18:15;31/05/2019;;;;2;;;;;
PREBIMEP A;17:45-18:15;31/05/2019;;;;;;;;;
PREBIMEP E;17:45-18:15;31/05/2019;;;;6;;;;;
BIMEP BAJO W;17:45-18:15;31/05/2019;;;;;;;;;
BIMEP BAJO A;17:45-18:15;31/05/2019;;;;;;;;;
BIMEP BAJO E;17:45-18:15;31/05/2019;;;;3;;;;;
BIMEP ALTO W;17:45-18:15;31/05/2019;;;;1;;;;;
BIMEP ALTO E;17:45-18:15;31/05/2019;;;;;;;;;
POSBIMEP W;17:45-18:15;31/05/2019;;;;;;;;;
POSBIMEP A;17:45-18:15;31/05/2019;;;;;;;;;
POSBIMEP E;17:45-18:15;31/05/2019;;;;1;;;;;
PREBIMEP W;9:00-9:30;27/06/2019;;;;1;;;;7;
PREBIMEP A;9:00-9:30;27/06/2019;;;;;;;;;
PREBIMEP E;9:00-9:30;27/06/2019;;;;;;;;;
BIMEP BAJO W;9:00-9:30;27/06/2019;;;;;;;;;
BIMEP BAJO A;9:00-9:30;27/06/2019;;;;243;;;;;
BIMEP BAJO E;9:00-9:30;27/06/2019;;;;;;;;;
BIMEP ALTO W;9:00-9:30;27/06/2019;;;;6;;;;;
BIMEP ALTO E;9:00-9:30;27/06/2019;1;;;103;;;;;
POSBIMEP W;9:00-9:30;27/06/2019;;;;;;;;;
POSBIMEP A;9:00-9:30;27/06/2019;;;;;;;;;
POSBIMEP E;9:00-9:30;27/06/2019;;;;;;;;;
PREBIMEP W;9:30-10:00;27/06/2019;;;;2;;;;;
PREBIMEP A;9:30-10:00;27/06/2019;;;;;;;;;
PREBIMEP E;9:30-10:00;27/06/2019;;;;;;;;;
BIMEP BAJO W;9:30-10:00;27/06/2019;1;;;20;;;;;
BIMEP BAJO A;9:30-10:00;27/06/2019;;;;;;;;;
BIMEP BAJO E;9:30-10:00;27/06/2019;1;;;5;;;;;
BIMEP ALTO W;9:30-10:00;27/06/2019;;;;10;;;;;
BIMEP ALTO E;9:30-10:00;27/06/2019;;;;;;;;;
POSBIMEP W;9:30-10:00;27/06/2019;;;;;;;;;
POSBIMEP A;9:30-10:00;27/06/2019;;;;;;;;;
POSBIMEP E;9:30-10:00;27/06/2019;;;;;;;;;
PREBIMEP W;10:00-10:30;27/06/2019;;;;;;;;;
PREBIMEP A;10:00-10:30;27/06/2019;;;;;;;;;
PREBIMEP E;10:00-10:30;27/06/2019;;;;12;;;;;
BIMEP BAJO W;10:00-10:30;27/06/2019;;;;7;;;;;
BIMEP BAJO A;10:00-10:30;27/06/2019;3;;;;;;;;
BIMEP BAJO E;10:00-10:30;27/06/2019;;;;1;;;;;
BIMEP ALTO W;10:00-10:30;27/06/2019;;;;17;;;;;
BIMEP ALTO E;10:00-10:30;27/06/2019;;;;3;;;;;
POSBIMEP W;10:00-10:30;27/06/2019;;;;;;;;;
POSBIMEP A;10:00-10:30;27/06/2019;;;;;;;;;
POSBIMEP E;10:00-10:30;27/06/2019;;;;;;;;;
PREBIMEP W;10:30-11:00;27/06/2019;;;;3;;;;;
PREBIMEP A;10:30-11:00;27/06/2019;;;;;;;;;
PREBIMEP E;10:30-11:00;27/06/2019;;;;11;;;;;
BIMEP BAJO W;10:30-11:00;27/06/2019;;;;;;;;;
BIMEP BAJO A;10:30-11:00;27/06/2019;;;;90;;;;;
BIMEP BAJO E;10:30-11:00;27/06/2019;;;;12;;;;;
BIMEP ALTO W;10:30-11:00;27/06/2019;;;;7;;;;;
BIMEP ALTO E;10:30-11:00;27/06/2019;;;;6;;;;;
POSBIMEP W;10:30-11:00;27/06/2019;;;;;;;;;
POSBIMEP A;10:30-11:00;27/06/2019;;;;;;;;;
POSBIMEP E;10:30-11:00;27/06/2019;;;;;;;;;
PREBIMEP W;11:00-11:30;27/06/2019;;;;1;;;;;
PREBIMEP A;11:00-11:30;27/06/2019;;;;;;;;;
PREBIMEP E;11:00-11:30;27/06/2019;;;;7;;;;;
BIMEP BAJO W;11:00-11:30;27/06/2019;;;;5;;;;;
BIMEP BAJO A;11:00-11:30;27/06/2019;;;;;;;;;
BIMEP BAJO E;11:00-11:30;27/06/2019;;;;36;1;;;;
BIMEP ALTO W;11:00-11:30;27/06/2019;;;;9;;;;;
BIMEP ALTO E;11:00-11:30;27/06/2019;;;;1;;;;;
POSBIMEP W;11:00-11:30;27/06/2019;;;;;;;;;
POSBIMEP A;11:00-11:30;27/06/2019;;;;;;;;;
POSBIMEP E;11:00-11:30;27/06/2019;;;;;;;;;
PREBIMEP W;11:30-12:00;27/06/2019;;;;15;;;;;
PREBIMEP A;11:30-12:00;27/06/2019;;;;;;;;;
PREBIMEP E;11:30-12:00;27/06/2019;;;;21;;;;;
BIMEP BAJO W;11:30-12:00;27/06/2019;;;;;;;;;
BIMEP BAJO A;11:30-12:00;27/06/2019;;;;;;;;;
BIMEP BAJO E;11:30-12:00;27/06/2019;;;;58;;;;;
BIMEP ALTO W;11:30-12:00;27/06/2019;;;;2;;;;;
BIMEP ALTO E;11:30-12:00;27/06/2019;;;;13;;;;;
POSBIMEP W;11:30-12:00;27/06/2019;;;;;;;;;
POSBIMEP A;11:30-12:00;27/06/2019;;;;;;;;;
POSBIMEP E;11:30-12:00;27/06/2019;;;;;;;;;
PREBIMEP W;15:45-16:15;27/06/2019;;;;1;;;;;
PREBIMEP A;15:45-16:15;27/06/2019;;;;;;;;;
PREBIMEP E;15:45-16:15;27/06/2019;;;;;;;;;
BIMEP BAJO W;15:45-16:15;27/06/2019;;;;10;;;;;
BIMEP BAJO A;15:45-16:15;27/06/2019;;;;20;;;;;
BIMEP BAJO E;15:45-16:15;27/06/2019;;;;82;;;;;
BIMEP ALTO W;15:45-16:15;27/06/2019;;;;12;;;;;
BIMEP ALTO E;15:45-16:15;27/06/2019;;;;;;;;;
POSBIMEP W;15:45-16:15;27/06/2019;;;;;;;;;
POSBIMEP A;15:45-16:15;27/06/2019;;;;;;;;;
POSBIMEP E;15:45-16:15;27/06/2019;;;;;;;;;
PREBIMEP W;16:15-16:45;27/06/2019;;;;;;;;;
PREBIMEP A;16:15-16:45;27/06/2019;;;;;;;;;
PREBIMEP E;16:15-16:45;27/06/2019;;;;2;;;;;
BIMEP BAJO W;16:15-16:45;27/06/2019;;;;;;;;;
BIMEP BAJO A;16:15-16:45;27/06/2019;;;;;;;;;
BIMEP BAJO E;16:15-16:45;27/06/2019;;;;2;;;;;
BIMEP ALTO W;16:15-16:45;27/06/2019;1;;;24;;;;;
BIMEP ALTO E;16:15-16:45;27/06/2019;;;;1;;;;;
POSBIMEP W;16:15-16:45;27/06/2019;;;;;;;;;
POSBIMEP A;16:15-16:45;27/06/2019;;;;;;;;;
POSBIMEP E;16:15-16:45;27/06/2019;;;;;;;;;
PREBIMEP W;16:45-17:15;27/06/2019;;;;2;;;;;
PREBIMEP A;16:45-17:15;27/06/2019;;;;;;;;;
PREBIMEP E;16:45-17:15;27/06/2019;;;;9;;;;;
BIMEP BAJO W;16:45-17:15;27/06/2019;;;;;;;;;
BIMEP BAJO A;16:45-17:15;27/06/2019;;;;;;;;;
BIMEP BAJO E;16:45-17:15;27/06/2019;;;;;;;;;
BIMEP ALTO W;16:45-17:15;27/06/2019;1;;;21;;;;;
BIMEP ALTO E;16:45-17:15;27/06/2019;;;;7;;;;;
POSBIMEP W;16:45-17:15;27/06/2019;;;;;;;;;
POSBIMEP A;16:45-17:15;27/06/2019;;;;;;;;;
POSBIMEP E;16:45-17:15;27/06/2019;;;;;;;;;
PREBIMEP W;17:15-17:45;27/06/2019;;;;12;;;;;
PREBIMEP A;17:15-17:45;27/06/2019;;;;;;;;;
PREBIMEP E;17:15-17:45;27/06/2019;;;;11;;;;;
BIMEP BAJO W;17:15-17:45;27/06/2019;;;;7;;;;;
BIMEP BAJO A;17:15-17:45;27/06/2019;;;;;;;;;
BIMEP BAJO E;17:15-17:45;27/06/2019;;;;6;;;;;
BIMEP ALTO W;17:15-17:45;27/06/2019;;;;8;;;;;
BIMEP ALTO E;17:15-17:45;27/06/2019;;;;2;;;;;
POSBIMEP W;17:15-17:45;27/06/2019;;;;;;;;;
POSBIMEP A;17:15-17:45;27/06/2019;;;;;;;;;
POSBIMEP E;17:15-17:45;27/06/2019;;;;;;;;;
PREBIMEP W;17:45-18:15;27/06/2019;1;;;;;;;;
PREBIMEP A;17:45-18:15;27/06/2019;;;;;;;;;
PREBIMEP E;17:45-18:15;27/06/2019;;;;7;;;;;
BIMEP BAJO W;17:45-18:15;27/06/2019;;;;;;;;;
BIMEP BAJO A;17:45-18:15;27/06/2019;;;;;;;;;
BIMEP BAJO E;17:45-18:15;27/06/2019;;;;;;;;;
BIMEP ALTO W;17:45-18:15;27/06/2019;;;;4;;;;;
BIMEP ALTO E;17:45-18:15;27/06/2019;;;;;;;;;
POSBIMEP W;17:45-18:15;27/06/2019;;;;;;;;;
POSBIMEP A;17:45-18:15;27/06/2019;;;;;;;;;
POSBIMEP E;17:45-18:15;27/06/2019;;;;;;;;;
PREBIMEP W;18:15-18:45;27/06/2019;;;;11;;;;;
PREBIMEP A;18:15-18:45;27/06/2019;;;;;;;;;
PREBIMEP E;18:15-18:45;27/06/2019;;;;1;;;;;
BIMEP BAJO W;18:15-18:45;27/06/2019;;;;;;;;;
BIMEP BAJO A;18:15-18:45;27/06/2019;;;;;;;;;
BIMEP BAJO E;18:15-18:45;27/06/2019;;;;;;;;;
BIMEP ALTO W;18:15-18:45;27/06/2019;;;;7;;;;;
BIMEP ALTO E;18:15-18:45;27/06/2019;;;;;;;;;
POSBIMEP W;18:15-18:45;27/06/2019;;;;;;;;;
POSBIMEP A;18:15-18:45;27/06/2019;;;;;;;;;
POSBIMEP E;18:15-18:45;27/06/2019;;;;;;;;;
PREBIMEP W;8:10-8:40;25/07/2019;;;;1;;;;;
PREBIMEP A;8:10-8:40;25/07/2019;;;;;;;;;
PREBIMEP E;8:10-8:40;25/07/2019;;;;;;;;;
BIMEP BAJO W;8:10-8:40;25/07/2019;;;;;;;;;
BIMEP BAJO A;8:10-8:40;25/07/2019;;;;2.000;;;;;
BIMEP BAJO E;8:10-8:40;25/07/2019;;;;1;;;;;
BIMEP ALTO W;8:10-8:40;25/07/2019;;;;;;;;;
BIMEP ALTO E;8:10-8:40;25/07/2019;;;;;;;;;
POSBIMEP W;8:10-8:40;25/07/2019;;;;;;;;;
POSBIMEP A;8:10-8:40;25/07/2019;;;;;;;;;
POSBIMEP E;8:10-8:40;25/07/2019;;;;;;;;;
PREBIMEP W;8:40-9:10;25/07/2019;;;;1;;;;;
PREBIMEP A;8:40-9:10;25/07/2019;;;;;;;;;
PREBIMEP E;8:40-9:10;25/07/2019;;;;;;;;;
BIMEP BAJO W;8:40-9:10;25/07/2019;3;;;;;;;5;
BIMEP BAJO A;8:40-9:10;25/07/2019;;;;;;;;;
BIMEP BAJO E;8:40-9:10;25/07/2019;;;;;;;;;
BIMEP ALTO W;8:40-9:10;25/07/2019;1;1;;;;;;1;
BIMEP ALTO E;8:40-9:10;25/07/2019;;;;;;;;;
POSBIMEP W;8:40-9:10;25/07/2019;;;;;;;;;
POSBIMEP A;8:40-9:10;25/07/2019;;;;;;;;;
POSBIMEP E;8:40-9:10;25/07/2019;;;;;;;;;
PREBIMEP W;9:10-9:40;25/07/2019;;;;;;;;;
PREBIMEP A;9:10-9:40;25/07/2019;;;;;;;;;
PREBIMEP E;9:10-9:40;25/07/2019;;;;;;;;;
BIMEP BAJO W;9:10-9:40;25/07/2019;;;;;;;;4;
BIMEP BAJO A;9:10-9:40;25/07/2019;;;;;;;;;
BIMEP BAJO E;9:10-9:40;25/07/2019;;;;;;;;;
BIMEP ALTO W;9:10-9:40;25/07/2019;;;;;;;;;
BIMEP ALTO E;9:10-9:40;25/07/2019;;;;;;;;;
POSBIMEP W;9:10-9:40;25/07/2019;;;;;;;;;
POSBIMEP A;9:10-9:40;25/07/2019;;;;;;;;;
POSBIMEP E;9:10-9:40;25/07/2019;;;;;;;;;
PREBIMEP W;9:40-10:10;25/07/2019;;;;;;;;;
PREBIMEP A;9:40-10:10;25/07/2019;;;;;;;;;
PREBIMEP E;9:40-10:10;25/07/2019;;;;;;;;;
BIMEP BAJO W;9:40-10:10;25/07/2019;1;;;;;;;;
BIMEP BAJO A;9:40-10:10;25/07/2019;;;;;;;;;
BIMEP BAJO E;9:40-10:10;25/07/2019;;;;;;;;;
BIMEP ALTO W;9:40-10:10;25/07/2019;;;;;;;;;
BIMEP ALTO E;9:40-10:10;25/07/2019;;;;;;;;;
POSBIMEP W;9:40-10:10;25/07/2019;;;;;;;;;
POSBIMEP A;9:40-10:10;25/07/2019;;;;;;;;;
POSBIMEP E;9:40-10:10;25/07/2019;;;;;;;;;
PREBIMEP W;10:10-10:40;25/07/2019;;;;;;;;;
PREBIMEP A;10:10-10:40;25/07/2019;;;;;;;;;
PREBIMEP E;10:10-10:40;25/07/2019;;;;;;;;;
BIMEP BAJO W;10:10-10:40;25/07/2019;;;;;;;;;
BIMEP BAJO A;10:10-10:40;25/07/2019;;;;;;;;;
BIMEP BAJO E;10:10-10:40;25/07/2019;;;;;;;;;
BIMEP ALTO W;10:10-10:40;25/07/2019;;6;;;;;;;
BIMEP ALTO E;10:10-10:40;25/07/2019;;;;;;;;;
POSBIMEP W;10:10-10:40;25/07/2019;;;;;;;;;
POSBIMEP A;10:10-10:40;25/07/2019;;;;;;;;;
POSBIMEP E;10:10-10:40;25/07/2019;;;;;;;;;
PREBIMEP W;10:40-11:10;25/07/2019;;;;;;;;;
PREBIMEP A;10:40-11:10;25/07/2019;;;;;;;;;
PREBIMEP E;10:40-11:10;25/07/2019;;;;;;;;;
BIMEP BAJO W;10:40-11:10;25/07/2019;;;;;;;;;
BIMEP BAJO A;10:40-11:10;25/07/2019;;;;;;;;;
BIMEP BAJO E;10:40-11:10;25/07/2019;;1;;;;;;;
BIMEP ALTO W;10:40-11:10;25/07/2019;;1;;;;;;;
BIMEP ALTO E;10:40-11:10;25/07/2019;;;;;;;;;
POSBIMEP W;10:40-11:10;25/07/2019;;;;;;;;;
POSBIMEP A;10:40-11:10;25/07/2019;;;;;;;;;
POSBIMEP E;10:40-11:10;25/07/2019;;;;;;;;;
PREBIMEP W;8:30-9:00;09/08/2019;;;;63;;;;;
PREBIMEP A;8:30-9:00;09/08/2019;1;;;;;;;;
PREBIMEP E;8:30-9:00;09/08/2019;;;;10;;;;;
BIMEP BAJO W;8:30-9:00;09/08/2019;;;;4;;;;;
BIMEP BAJO A;8:30-9:00;09/08/2019;;;;200;;;;;
BIMEP BAJO E;8:30-9:00;09/08/2019;;;;;;;;;
BIMEP ALTO W;8:30-9:00;09/08/2019;1;;;30;;;;;
BIMEP ALTO E;8:30-9:00;09/08/2019;;;;2;;;;;
POSBIMEP W;8:30-9:00;09/08/2019;;;;;;;;;
POSBIMEP A;8:30-9:00;09/08/2019;;;;;;;;;
POSBIMEP E;8:30-9:00;09/08/2019;;;;;;;;;
PREBIMEP W;9:00-9:30;09/08/2019;;;;18;;;;;
PREBIMEP A;9:00-9:30;09/08/2019;;;;;;;;;
PREBIMEP E;9:00-9:30;09/08/2019;;;;16;;;;;
BIMEP BAJO W;9:00-9:30;09/08/2019;;;;10;;;;;
BIMEP BAJO A;9:00-9:30;09/08/2019;;;;;;;;;
BIMEP BAJO E;9:00-9:30;09/08/2019;;;;1;;;;;
BIMEP ALTO W;9:00-9:30;09/08/2019;1;;;45;;;;;
BIMEP ALTO E;9:00-9:30;09/08/2019;;;;8;;;;;
POSBIMEP W;9:00-9:30;09/08/2019;;;;;;;;;
POSBIMEP A;9:00-9:30;09/08/2019;;;;;;;;;
POSBIMEP E;9:00-9:30;09/08/2019;;;;;;;;;
PREBIMEP W;9:30-10:00;09/08/2019;;2;;23;;;;;
PREBIMEP A;9:30-10:00;09/08/2019;;;;;;;;;
PREBIMEP E;9:30-10:00;09/08/2019;;;;18;;;;;
BIMEP BAJO W;9:30-10:00;09/08/2019;;1;;2;;;;;
BIMEP BAJO A;9:30-10:00;09/08/2019;;;;;;;;;
BIMEP BAJO E;9:30-10:00;09/08/2019;;;;4;;;;;
BIMEP ALTO W;9:30-10:00;09/08/2019;;1;;32;;;;;
BIMEP ALTO E;9:30-10:00;09/08/2019;;;;6;;;;;
POSBIMEP W;9:30-10:00;09/08/2019;;;;;;;;;
POSBIMEP A;9:30-10:00;09/08/2019;;;;;;;;;
POSBIMEP E;9:30-10:00;09/08/2019;;;;;;;;;
PREBIMEP W;10:00-10:30;09/08/2019;;;;32;;;;;
PREBIMEP A;10:00-10:30;09/08/2019;;;;;;;;;
PREBIMEP E;10:00-10:30;09/08/2019;;;;14;;;;;
BIMEP BAJO W;10:00-10:30;09/08/2019;;;;2;;;;;
BIMEP BAJO A;10:00-10:30;09/08/2019;;;;;;;;;
BIMEP BAJO E;10:00-10:30;09/08/2019;;;;;;;;;
BIMEP ALTO W;10:00-10:30;09/08/2019;;;;51;;;;;
BIMEP ALTO E;10:00-10:30;09/08/2019;;;;5;;;;;
POSBIMEP W;10:00-10:30;09/08/2019;;;;;;;;;
POSBIMEP A;10:00-10:30;09/08/2019;;;;;;;;;
POSBIMEP E;10:00-10:30;09/08/2019;;;;;;;;;
PREBIMEP W;10:30-11:00;09/08/2019;;;;20;;;;;
PREBIMEP A;10:30-11:00;09/08/2019;;;;;;;;;
PREBIMEP E;10:30-11:00;09/08/2019;;;;13;;;;;
BIMEP BAJO W;10:30-11:00;09/08/2019;;1;;7;;;;;
BIMEP BAJO A;10:30-11:00;09/08/2019;;;;;;;;;
BIMEP BAJO E;10:30-11:00;09/08/2019;;;;;;;;;
BIMEP ALTO W;10:30-11:00;09/08/2019;;;;25;;;;;
BIMEP ALTO E;10:30-11:00;09/08/2019;;;;1;;;;;
POSBIMEP W;10:30-11:00;09/08/2019;;;;;;;;;
POSBIMEP A;10:30-11:00;09/08/2019;;;;;;;;;
POSBIMEP E;10:30-11:00;09/08/2019;;;;;;;;;
PREBIMEP W;11:00-11:30;09/08/2019;;;;6;;;;;
PREBIMEP A;11:00-11:30;09/08/2019;;;;;;;;;
PREBIMEP E;11:00-11:30;09/08/2019;;;;5;;;;;
BIMEP BAJO W;11:00-11:30;09/08/2019;;;;;;;;;
BIMEP BAJO A;11:00-11:30;09/08/2019;;;;;;;;;
BIMEP BAJO E;11:00-11:30;09/08/2019;;;;;;;;;
BIMEP ALTO W;11:00-11:30;09/08/2019;;;;13;;;;;
BIMEP ALTO E;11:00-11:30;09/08/2019;;;;1;;;;;
POSBIMEP W;11:00-11:30;09/08/2019;;;;;;;;;
POSBIMEP A;11:00-11:30;09/08/2019;;;;;;;;;
POSBIMEP E;11:00-11:30;09/08/2019;;;;;;;;;
PREBIMEP W;17:15-17:45;09/08/2019;;;;9;;1;;;
PREBIMEP A;17:15-17:45;09/08/2019;;;;;;;;;
PREBIMEP E;17:15-17:45;09/08/2019;;;;3;;;;;
BIMEP BAJO W;17:15-17:45;09/08/2019;;;;2;;;;;
BIMEP BAJO A;17:15-17:45;09/08/2019;1;1;;;;;;;
BIMEP BAJO E;17:15-17:45;09/08/2019;;2;;17;;;;;
BIMEP ALTO W;17:15-17:45;09/08/2019;1;1;;21;;;;;
BIMEP ALTO E;17:15-17:45;09/08/2019;2;7;;1;;;;;
POSBIMEP W;17:15-17:45;09/08/2019;;;;;;;;;
POSBIMEP A;17:15-17:45;09/08/2019;;;;;;;;;
POSBIMEP E;17:15-17:45;09/08/2019;;;;;;;;;
PREBIMEP W;17:45-18:15;09/08/2019;1;5;;4;;;;;
PREBIMEP A;17:45-18:15;09/08/2019;;;;;;;;;
PREBIMEP E;17:45-18:15;09/08/2019;;;;1;;;;;
BIMEP BAJO W;17:45-18:15;09/08/2019;;;;3;;;;;
BIMEP BAJO A;17:45-18:15;09/08/2019;;;;;;;;;
BIMEP BAJO E;17:45-18:15;09/08/2019;;;;8;;;;;
BIMEP ALTO W;17:45-18:15;09/08/2019;2;18;;61;;;;;
BIMEP ALTO E;17:45-18:15;09/08/2019;;;;12;;;;;
POSBIMEP W;17:45-18:15;09/08/2019;;;;;;;;;
POSBIMEP A;17:45-18:15;09/08/2019;;;;;;;;;
POSBIMEP E;17:45-18:15;09/08/2019;;;;;;;;;
PREBIMEP W;18:15-18:45;09/08/2019;1;1;;2;;;;;
PREBIMEP A;18:15-18:45;09/08/2019;;;;;;;;;
PREBIMEP E;18:15-18:45;09/08/2019;;;;2;;;;;
BIMEP BAJO W;18:15-18:45;09/08/2019;;;;50;;;;;
BIMEP BAJO A;18:15-18:45;09/08/2019;;;;;;;;;
BIMEP BAJO E;18:15-18:45;09/08/2019;;;;;;;;;
BIMEP ALTO W;18:15-18:45;09/08/2019;8;34;;61;;;;;
BIMEP ALTO E;18:15-18:45;09/08/2019;;;;40;;;;;
POSBIMEP W;18:15-18:45;09/08/2019;;;;;;;;;
POSBIMEP A;18:15-18:45;09/08/2019;;;;;;;;;
POSBIMEP E;18:15-18:45;09/08/2019;;;;;;;;;
PREBIMEP W;18:45-19:15;09/08/2019;;;;7;;;;;
PREBIMEP A;18:45-19:15;09/08/2019;;;;;;;;;
PREBIMEP E;18:45-19:15;09/08/2019;;;;7;;;;;
BIMEP BAJO W;18:45-19:15;09/08/2019;;;;;;;;;
BIMEP BAJO A;18:45-19:15;09/08/2019;;;;300;;;;;
BIMEP BAJO E;18:45-19:15;09/08/2019;;;;;;;;;
BIMEP ALTO W;18:45-19:15;09/08/2019;;3;;12;;;;;
BIMEP ALTO E;18:45-19:15;09/08/2019;;;;2;;;;;
POSBIMEP W;18:45-19:15;09/08/2019;;;;;;;;;
POSBIMEP A;18:45-19:15;09/08/2019;;;;;;;;;
POSBIMEP E;18:45-19:15;09/08/2019;;;;;;;;;
PREBIMEP W;19:15-19:45;09/08/2019;;;;1;;;;;
PREBIMEP A;19:15-19:45;09/08/2019;;;;;;;;;
PREBIMEP E;19:15-19:45;09/08/2019;;;;1;;;;;
BIMEP BAJO W;19:15-19:45;09/08/2019;;;;7;;;;;
BIMEP BAJO A;19:15-19:45;09/08/2019;;;;50;;;;;
BIMEP BAJO E;19:15-19:45;09/08/2019;;;;;;;;;
BIMEP ALTO W;19:15-19:45;09/08/2019;2;10;;4;;;;;
BIMEP ALTO E;19:15-19:45;09/08/2019;;;;2;;;;;
POSBIMEP W;19:15-19:45;09/08/2019;;2;;;;;;;
POSBIMEP A;19:15-19:45;09/08/2019;;;;;;;;;
POSBIMEP E;19:15-19:45;09/08/2019;;;;;;;;;
PREBIMEP W;19:45-20:15;09/08/2019;;;;;;;;;
PREBIMEP A;19:45-20:15;09/08/2019;;;;;;;;;
PREBIMEP E;19:45-20:15;09/08/2019;;;;;;;;;
BIMEP BAJO W;19:45-20:15;09/08/2019;;;;2;;;;;
BIMEP BAJO A;19:45-20:15;09/08/2019;;;;;;;;;
BIMEP BAJO E;19:45-20:15;09/08/2019;;;;26;;;;;
BIMEP ALTO W;19:45-20:15;09/08/2019;;;;15;;;;;
BIMEP ALTO E;19:45-20:15;09/08/2019;;;;6;;;;;
POSBIMEP W;19:45-20:15;09/08/2019;1;1;;;;;;;
POSBIMEP A;19:45-20:15;09/08/2019;;;;;;;;;
POSBIMEP E;19:45-20:15;09/08/2019;;;;;;;;;
PREBIMEP W;9:00-9:30;29/08/2019;;;;;;;;;
PREBIMEP A;9:00-9:30;29/08/2019;;;;;;;;;
PREBIMEP E;9:00-9:30;29/08/2019;;;;3;;;;;
BIMEP BAJO W;9:00-9:30;29/08/2019;;;;;;;;;
BIMEP BAJO A;9:00-9:30;29/08/2019;;;;;;;;;
BIMEP BAJO E;9:00-9:30;29/08/2019;1;;;;;;;;
BIMEP ALTO W;9:00-9:30;29/08/2019;;;;3;;;;;
BIMEP ALTO E;9:00-9:30;29/08/2019;;;;1;;;;;
POSBIMEP W;9:00-9:30;29/08/2019;;;;;;;;;
POSBIMEP A;9:00-9:30;29/08/2019;;;;;;;;;
POSBIMEP E;9:00-9:30;29/08/2019;;;;3;;;;;
PREBIMEP W;9:30-10:00;29/08/2019;;;;;;;;;
PREBIMEP A;9:30-10:00;29/08/2019;;;;;;;;;
PREBIMEP E;9:30-10:00;29/08/2019;;;;1;;;;;
BIMEP BAJO W;9:30-10:00;29/08/2019;;2;;;;;;;
BIMEP BAJO A;9:30-10:00;29/08/2019;;;;;;;;;
BIMEP BAJO E;9:30-10:00;29/08/2019;;;;;;;;;
BIMEP ALTO W;9:30-10:00;29/08/2019;;;;1;;;;;
BIMEP ALTO E;9:30-10:00;29/08/2019;;;;;;;;;
POSBIMEP W;9:30-10:00;29/08/2019;;;;;;;;;
POSBIMEP A;9:30-10:00;29/08/2019;;;;;;;;;
POSBIMEP E;9:30-10:00;29/08/2019;;;;;;;;;
PREBIMEP W;10:00-10:30;29/08/2019;;;;4;;;;;
PREBIMEP A;10:00-10:30;29/08/2019;;;;;;;;;
PREBIMEP E;10:00-10:30;29/08/2019;;;;1;;;;;
BIMEP BAJO W;10:00-10:30;29/08/2019;1;1;;;;;;;
BIMEP BAJO A;10:00-10:30;29/08/2019;;;;;;;;;
BIMEP BAJO E;10:00-10:30;29/08/2019;;;;1;;;;;
BIMEP ALTO W;10:00-10:30;29/08/2019;;;;5;;;;;
BIMEP ALTO E;10:00-10:30;29/08/2019;;;;3;;;;;
POSBIMEP W;10:00-10:30;29/08/2019;;;;;;;;;
POSBIMEP A;10:00-10:30;29/08/2019;;;;;;;;;
POSBIMEP E;10:00-10:30;29/08/2019;;;;;;;;;
PREBIMEP W;10:30-11:00;29/08/2019;;;;2;;;;;
PREBIMEP A;10:30-11:00;29/08/2019;;;;;;;;;
PREBIMEP E;10:30-11:00;29/08/2019;;;;1;;;;;
BIMEP BAJO W;10:30-11:00;29/08/2019;;;1;;;;;;
BIMEP BAJO A;10:30-11:00;29/08/2019;;;;;;;;;
BIMEP BAJO E;10:30-11:00;29/08/2019;;;;11;;;;;
BIMEP ALTO W;10:30-11:00;29/08/2019;1;1;1;4;;;;;
BIMEP ALTO E;10:30-11:00;29/08/2019;;;;4;;;;;
POSBIMEP W;10:30-11:00;29/08/2019;;;;;;;;;
POSBIMEP A;10:30-11:00;29/08/2019;;;;;;;;;
POSBIMEP E;10:30-11:00;29/08/2019;;;;;;;;;
PREBIMEP W;11:00-11:30;29/08/2019;;;;;;;;3;
PREBIMEP A;11:00-11:30;29/08/2019;;;;;;;;;
PREBIMEP E;11:00-11:30;29/08/2019;;;;;;;;;
BIMEP BAJO W;11:00-11:30;29/08/2019;;;;;;;;;
BIMEP BAJO A;11:00-11:30;29/08/2019;;;;;;;;;
BIMEP BAJO E;11:00-11:30;29/08/2019;;;;;;;;;
BIMEP ALTO W;11:00-11:30;29/08/2019;;;;;;;;;
BIMEP ALTO E;11:00-11:30;29/08/2019;;;;7;;;;;
POSBIMEP W;11:00-11:30;29/08/2019;;;;;;;;;
POSBIMEP A;11:00-11:30;29/08/2019;;;;;;;;;
POSBIMEP E;11:00-11:30;29/08/2019;;;;2;;;;;
PREBIMEP W;11:30-12:00;29/08/2019;;;;;;;;;
PREBIMEP A;11:30-12:00;29/08/2019;;;;;;;;;
PREBIMEP E;11:30-12:00;29/08/2019;;;;3;;;;;
BIMEP BAJO W;11:30-12:00;29/08/2019;1;;;;;;;;
BIMEP BAJO A;11:30-12:00;29/08/2019;;;;;;;;;
BIMEP BAJO E;11:30-12:00;29/08/2019;;;;;;;;;
BIMEP ALTO W;11:30-12:00;29/08/2019;;;;2;;;;;
BIMEP ALTO E;11:30-12:00;29/08/2019;;;;11;;;;;
POSBIMEP W;11:30-12:00;29/08/2019;;;;;;;;;
POSBIMEP A;11:30-12:00;29/08/2019;;;;;;;;;
POSBIMEP E;11:30-12:00;29/08/2019;;;;4;;;;;
PREBIMEP W;16:00-16:30;29/08/2019;1;;;2;;;;;
PREBIMEP A;16:00-16:30;29/08/2019;;;;;;;;;
PREBIMEP E;16:00-16:30;29/08/2019;;;;1;;;;;
BIMEP BAJO W;16:00-16:30;29/08/2019;;;;8;;;;;
BIMEP BAJO A;16:00-16:30;29/08/2019;;;;50;;;;;
BIMEP BAJO E;16:00-16:30;29/08/2019;;;;;;;;;
BIMEP ALTO W;16:00-16:30;29/08/2019;;;;25;;;;;
BIMEP ALTO E;16:00-16:30;29/08/2019;;;;25;;;;;
POSBIMEP W;16:00-16:30;29/08/2019;;;;;;;;;
POSBIMEP A;16:00-16:30;29/08/2019;;;;;;;;;
POSBIMEP E;16:00-16:30;29/08/2019;;;;;;;;;
PREBIMEP W;16:30-17:00;29/08/2019;;;;3;;;;;
PREBIMEP A;16:30-17:00;29/08/2019;;;;;;;;;
PREBIMEP E;16:30-17:00;29/08/2019;;;;9;;;;;
BIMEP BAJO W;16:30-17:00;29/08/2019;;;;;;;;;
BIMEP BAJO A;16:30-17:00;29/08/2019;;;;;;;;;
BIMEP BAJO E;16:30-17:00;29/08/2019;;;;;;;;;
BIMEP ALTO W;16:30-17:00;29/08/2019;;;;8;;;;;
BIMEP ALTO E;16:30-17:00;29/08/2019;;;;8;;;;;
POSBIMEP W;16:30-17:00;29/08/2019;;;;;;;;;
POSBIMEP A;16:30-17:00;29/08/2019;;;;;;;;;
POSBIMEP E;16:30-17:00;29/08/2019;;;;;;;;;
PREBIMEP W;17:00-17:30;29/08/2019;;;;;;;;;
PREBIMEP A;17:00-17:30;29/08/2019;;;;;;;;;
PREBIMEP E;17:00-17:30;29/08/2019;;;;;;;;;
BIMEP BAJO W;17:00-17:30;29/08/2019;;;;7;;;;;
BIMEP BAJO A;17:00-17:30;29/08/2019;;;;;;;;;
BIMEP BAJO E;17:00-17:30;29/08/2019;;;;18;;;;;
BIMEP ALTO W;17:00-17:30;29/08/2019;;1;;33;;;;;
BIMEP ALTO E;17:00-17:30;29/08/2019;;;;68;;;;;
POSBIMEP W;17:00-17:30;29/08/2019;;;;;;;;;
POSBIMEP A;17:00-17:30;29/08/2019;;;;;;;;;
POSBIMEP E;17:00-17:30;29/08/2019;;;;;;;;;
PREBIMEP W;17:30-18:00;29/08/2019;;;;;;;;;
PREBIMEP A;17:30-18:00;29/08/2019;;;;;;;;;
PREBIMEP E;17:30-18:00;29/08/2019;;;;2;;;;;
BIMEP BAJO W;17:30-18:00;29/08/2019;;;;;;;;;
BIMEP BAJO A;17:30-18:00;29/08/2019;;;;;;;;;
BIMEP BAJO E;17:30-18:00;29/08/2019;;;;4;;;;;
BIMEP ALTO W;17:30-18:00;29/08/2019;1;;2;23;;;;;
BIMEP ALTO E;17:30-18:00;29/08/2019;1;;;38;;;;;
POSBIMEP W;17:30-18:00;29/08/2019;1;;;;;;;;
POSBIMEP A;17:30-18:00;29/08/2019;;;;;;;;;
POSBIMEP E;17:30-18:00;29/08/2019;;;;;;;;;
PREBIMEP W;18:00-18:30;29/08/2019;;;;1;;;;;
PREBIMEP A;18:00-18:30;29/08/2019;;;;;;;;;
PREBIMEP E;18:00-18:30;29/08/2019;;;;2;;;;;
BIMEP BAJO W;18:00-18:30;29/08/2019;;;;1;;;;;
BIMEP BAJO A;18:00-18:30;29/08/2019;;;;;;;;;
BIMEP BAJO E;18:00-18:30;29/08/2019;;;;3;;;;;
BIMEP ALTO W;18:00-18:30;29/08/2019;2;1;;37;;;;;
BIMEP ALTO E;18:00-18:30;29/08/2019;;1;;25;;;;;
POSBIMEP W;18:00-18:30;29/08/2019;;;;;;;;;
POSBIMEP A;18:00-18:30;29/08/2019;;;;;;;;;
POSBIMEP E;18:00-18:30;29/08/2019;;1;;;;;;;
PREBIMEP W;18:30-19:00;29/08/2019;;;;;;;;;
PREBIMEP A;18:30-19:00;29/08/2019;;;;;;;;;
PREBIMEP E;18:30-19:00;29/08/2019;;;;;;;;;
BIMEP BAJO W;18:30-19:00;29/08/2019;1;;;;;;;;
BIMEP BAJO A;18:30-19:00;29/08/2019;;;;;;;;;
BIMEP BAJO E;18:30-19:00;29/08/2019;1;;;2;;;;;
BIMEP ALTO W;18:30-19:00;29/08/2019;;;;19;;;;;
BIMEP ALTO E;18:30-19:00;29/08/2019;;;;26;;;;;
POSBIMEP W;18:30-19:00;29/08/2019;;1;;;;;;;
POSBIMEP A;18:30-19:00;29/08/2019;;;;;;;;;
POSBIMEP E;18:30-19:00;29/08/2019;;;;;;;;;
PREBIMEP W;9:30-10:00;10/09/2019;;;;19;15;;;;
PREBIMEP A;9:30-10:00;10/09/2019;;;;;;;;;
PREBIMEP E;9:30-10:00;10/09/2019;;;;;;;;;
BIMEP BAJO W;9:30-10:00;10/09/2019;;;;;;;;;
BIMEP BAJO A;9:30-10:00;10/09/2019;;;;;;;;;
BIMEP BAJO E;9:30-10:00;10/09/2019;;;;;;;;;
BIMEP ALTO W;9:30-10:00;10/09/2019;;;;;2;;;;
BIMEP ALTO E;9:30-10:00;10/09/2019;;;;3;;;;;
POSBIMEP W;9:30-10:00;10/09/2019;;;;;;;;;
POSBIMEP A;9:30-10:00;10/09/2019;;;;;;;;;
POSBIMEP E;9:30-10:00;10/09/2019;;;;;;;;;
PREBIMEP W;10:00-10:30;10/09/2019;;;;42;62;1;;;
PREBIMEP A;10:00-10:30;10/09/2019;;;;;;;;;
PREBIMEP E;10:00-10:30;10/09/2019;;;;;;;;;
BIMEP BAJO W;10:00-10:30;10/09/2019;2;2;;1;;;;;
BIMEP BAJO A;10:00-10:30;10/09/2019;;;;;;;;;
BIMEP BAJO E;10:00-10:30;10/09/2019;;;;;;;;;
BIMEP ALTO W;10:00-10:30;10/09/2019;;;;;;;;;
BIMEP ALTO E;10:00-10:30;10/09/2019;;;;3;;;;;
POSBIMEP W;10:00-10:30;10/09/2019;;;;;;;;;
POSBIMEP A;10:00-10:30;10/09/2019;;;;;;;;;
POSBIMEP E;10:00-10:30;10/09/2019;;;;;;;;;
PREBIMEP W;10:30-11:00;10/09/2019;;;;5;6;;;;
PREBIMEP A;10:30-11:00;10/09/2019;;;;;;;;;
PREBIMEP E;10:30-11:00;10/09/2019;;;;1;;;;;
BIMEP BAJO W;10:30-11:00;10/09/2019;1;;2;;;;;;
BIMEP BAJO A;10:30-11:00;10/09/2019;;;;;;;;;
BIMEP BAJO E;10:30-11:00;10/09/2019;;;;;;;;;
BIMEP ALTO W;10:30-11:00;10/09/2019;;;;;;;;;
BIMEP ALTO E;10:30-11:00;10/09/2019;;;;2;;;;;
POSBIMEP W;10:30-11:00;10/09/2019;;;;;;;;;
POSBIMEP A;10:30-11:00;10/09/2019;;;;;;;;;
POSBIMEP E;10:30-11:00;10/09/2019;;;;;;;;;
PREBIMEP W;11:00-11:30;10/09/2019;;;;4;;;;;
PREBIMEP A;11:00-11:30;10/09/2019;;;;;;;;;
PREBIMEP E;11:00-11:30;10/09/2019;;;;5;;;;;
BIMEP BAJO W;11:00-11:30;10/09/2019;1;1;;4;1;;;;
BIMEP BAJO A;11:00-11:30;10/09/2019;;;;;;;;;
BIMEP BAJO E;11:00-11:30;10/09/2019;;;;1;;;;;
BIMEP ALTO W;11:00-11:30;10/09/2019;;;;;;;;;
BIMEP ALTO E;11:00-11:30;10/09/2019;;;;;;;;;
POSBIMEP W;11:00-11:30;10/09/2019;;;;;;;;;
POSBIMEP A;11:00-11:30;10/09/2019;;;;;;;;;
POSBIMEP E;11:00-11:30;10/09/2019;;;;;;;;;
PREBIMEP W;12:00-12:30;10/09/2019;;;;3;6;;;;
PREBIMEP A;12:00-12:30;10/09/2019;;;;;;;;;
PREBIMEP E;12:00-12:30;10/09/2019;;;;;;;;;
BIMEP BAJO W;12:00-12:30;10/09/2019;5;1;;;;;;;
BIMEP BAJO A;12:00-12:30;10/09/2019;;;;;;;;;
BIMEP BAJO E;12:00-12:30;10/09/2019;;;;3;;;;;
BIMEP ALTO W;12:00-12:30;10/09/2019;;;;;;;;;
BIMEP ALTO E;12:00-12:30;10/09/2019;;;;1;;;;;
POSBIMEP W;12:00-12:30;10/09/2019;;;;;;;;;
POSBIMEP A;12:00-12:30;10/09/2019;;;;;;;;;
POSBIMEP E;12:00-12:30;10/09/2019;;;;;;;;;
PREBIMEP W;12:30-13:00;10/09/2019;;;;3;19;;;;
PREBIMEP A;12:30-13:00;10/09/2019;;;;;;;;;
PREBIMEP E;12:30-13:00;10/09/2019;;;;1;1;;;;
BIMEP BAJO W;12:30-13:00;10/09/2019;15;15;10;2;;;;;
BIMEP BAJO A;12:30-13:00;10/09/2019;;;;;;;;;
BIMEP BAJO E;12:30-13:00;10/09/2019;;;;;;;;;
BIMEP ALTO W;12:30-13:00;10/09/2019;;;;;;;;;
BIMEP ALTO E;12:30-13:00;10/09/2019;;;;;;;;;
POSBIMEP W;12:30-13:00;10/09/2019;;;;;;;;;
POSBIMEP A;12:30-13:00;10/09/2019;;;;;;;;;
POSBIMEP E;12:30-13:00;10/09/2019;;;;;;;;;
PREBIMEP W;15:30-16:00;10/09/2019;;;;;;;;;
PREBIMEP A;15:30-16:00;10/09/2019;;;;;;;;;
PREBIMEP E;15:30-16:00;10/09/2019;;;;;;;;;
BIMEP BAJO W;15:30-16:00;10/09/2019;9;14;13;3;;;;;
BIMEP BAJO A;15:30-16:00;10/09/2019;;;;;;;;;
BIMEP BAJO E;15:30-16:00;10/09/2019;;;;;;;;;
BIMEP ALTO W;15:30-16:00;10/09/2019;;;;;;;;;
BIMEP ALTO E;15:30-16:00;10/09/2019;;;;;;;;;
POSBIMEP W;15:30-16:00;10/09/2019;;;;;;;;;
POSBIMEP A;15:30-16:00;10/09/2019;;;;;;;;;
POSBIMEP E;15:30-16:00;10/09/2019;;;;;;;;;
PREBIMEP W;16:15-16:45;10/09/2019;1;;;;;;;;
PREBIMEP A;16:15-16:45;10/09/2019;;;;;;;;;
PREBIMEP E;16:15-16:45;10/09/2019;;;;;;;;;
BIMEP BAJO W;16:15-16:45;10/09/2019;4;12;11;;;;;;
BIMEP BAJO A;16:15-16:45;10/09/2019;;;;;;;;;
BIMEP BAJO E;16:15-16:45;10/09/2019;;;;1;;;;;
BIMEP ALTO W;16:15-16:45;10/09/2019;;;;;;;;;
BIMEP ALTO E;16:15-16:45;10/09/2019;;;;;;;;;
POSBIMEP W;16:15-16:45;10/09/2019;;;;;;;;;
POSBIMEP A;16:15-16:45;10/09/2019;;;;;;;;;
POSBIMEP E;16:15-16:45;10/09/2019;;;;;;;;;
PREBIMEP W;16:45-17:15;10/09/2019;;;;1;;;;;
PREBIMEP A;16:45-17:15;10/09/2019;;;;;;;;;
PREBIMEP E;16:45-17:15;10/09/2019;;;;;;;;;
BIMEP BAJO W;16:45-17:15;10/09/2019;6;8;6;3;;;;;
BIMEP BAJO A;16:45-17:15;10/09/2019;;;;;;;;;
BIMEP BAJO E;16:45-17:15;10/09/2019;;;;;;;;;
BIMEP ALTO W;16:45-17:15;10/09/2019;;;;;;;;;
BIMEP ALTO E;16:45-17:15;10/09/2019;;;;;;;;;
POSBIMEP W;16:45-17:15;10/09/2019;1;1;;;;;;;
POSBIMEP A;16:45-17:15;10/09/2019;;;;;;;;;
POSBIMEP E;16:45-17:15;10/09/2019;;;;;;;;;
PREBIMEP W;17:15-17:45;10/09/2019;6;4;;2;;;;;
PREBIMEP A;17:15-17:45;10/09/2019;;;;;;;;;
PREBIMEP E;17:15-17:45;10/09/2019;;;;2;;;;;
BIMEP BAJO W;17:15-17:45;10/09/2019;4;5;2;3;;;;;
BIMEP BAJO A;17:15-17:45;10/09/2019;;;;;;;;;
BIMEP BAJO E;17:15-17:45;10/09/2019;;;;1;;;;;
BIMEP ALTO W;17:15-17:45;10/09/2019;;;;;;;;;
BIMEP ALTO E;17:15-17:45;10/09/2019;;;;1;;;;;
POSBIMEP W;17:15-17:45;10/09/2019;;;;;;;;;
POSBIMEP A;17:15-17:45;10/09/2019;;;;;;;;;
POSBIMEP E;17:15-17:45;10/09/2019;;;;;;;;;
PREBIMEP W;17:45-18:15;10/09/2019;;;;6;1;;;;
PREBIMEP A;17:45-18:15;10/09/2019;;;;;;;;;
PREBIMEP E;17:45-18:15;10/09/2019;;;;2;;;;;
BIMEP BAJO W;17:45-18:15;10/09/2019;5;3;10;2;;;;;
BIMEP BAJO A;17:45-18:15;10/09/2019;;;;;;;;;
BIMEP BAJO E;17:45-18:15;10/09/2019;;;;1;;;;;
BIMEP ALTO W;17:45-18:15;10/09/2019;;;;5;;;;;
BIMEP ALTO E;17:45-18:15;10/09/2019;;;;;;;;;
POSBIMEP W;17:45-18:15;10/09/2019;;;;;;;;;
POSBIMEP A;17:45-18:15;10/09/2019;;;;;;;;;
POSBIMEP E;17:45-18:15;10/09/2019;;;;;;;;;
PREBIMEP W;18:15-18:45;10/09/2019;;;;4;;;;;
PREBIMEP A;18:15-18:45;10/09/2019;;;;;;;;;
PREBIMEP E;18:15-18:45;10/09/2019;;;;1;;;;;
BIMEP BAJO W;18:15-18:45;10/09/2019;5;2;19;3;;;;;
BIMEP BAJO A;18:15-18:45;10/09/2019;;;;;;;;;
BIMEP BAJO E;18:15-18:45;10/09/2019;;;;2;;;;;
BIMEP ALTO W;18:15-18:45;10/09/2019;;;;;;;;;
BIMEP ALTO E;18:15-18:45;10/09/2019;;;;;;;;;
POSBIMEP W;18:15-18:45;10/09/2019;;;;;;;;;
POSBIMEP A;18:15-18:45;10/09/2019;;;;;;;;;
POSBIMEP E;18:15-18:45;10/09/2019;;;;;;;;;
PREBIMEP W;9:00-9:30;25/10/2019;;;;;2;;;;
PREBIMEP A;9:00-9:30;25/10/2019;;;;;;;;;
PREBIMEP E;9:00-9:30;25/10/2019;;;;1;;;;;
BIMEP BAJO W;9:00-9:30;25/10/2019;49;23;2;144;;;;;
BIMEP BAJO A;9:00-9:30;25/10/2019;;;;;;;;;
BIMEP BAJO E;9:00-9:30;25/10/2019;;;;30;;;;;
BIMEP ALTO W;9:00-9:30;25/10/2019;;;;5;;;;1;
BIMEP ALTO E;9:00-9:30;25/10/2019;;;;;;;;;
POSBIMEP W;9:00-9:30;25/10/2019;220;47;;;;;;;
POSBIMEP A;9:00-9:30;25/10/2019;;;;;;;;;
POSBIMEP E;9:00-9:30;25/10/2019;;;;;;;;;
PREBIMEP W;9:30-10:00;25/10/2019;1;;;1;;;;;
PREBIMEP A;9:30-10:00;25/10/2019;;;;;;;;;
PREBIMEP E;9:30-10:00;25/10/2019;;;;1;;;;;
BIMEP BAJO W;9:30-10:00;25/10/2019;36;8;4;14;;;;;
BIMEP BAJO A;9:30-10:00;25/10/2019;;;;;;;;;
BIMEP BAJO E;9:30-10:00;25/10/2019;;;;;;;;;
BIMEP ALTO W;9:30-10:00;25/10/2019;;;;;1;;;;
BIMEP ALTO E;9:30-10:00;25/10/2019;;;;3;;;;;
POSBIMEP W;9:30-10:00;25/10/2019;168;12;3;130;;;;;
POSBIMEP A;9:30-10:00;25/10/2019;;;;;;;;;
POSBIMEP E;9:30-10:00;25/10/2019;;;;;;;;;
PREBIMEP W;10:00-10:30;25/10/2019;;;;;;;;;
PREBIMEP A;10:00-10:30;25/10/2019;;;;;;;;;
PREBIMEP E;10:00-10:30;25/10/2019;;;;11;;;;;
BIMEP BAJO W;10:00-10:30;25/10/2019;2;;2;28;;;;;
BIMEP BAJO A;10:00-10:30;25/10/2019;;;;;;;;;
BIMEP BAJO E;10:00-10:30;25/10/2019;;;;;;;;;
BIMEP ALTO W;10:00-10:30;25/10/2019;;;;1;;;;;
BIMEP ALTO E;10:00-10:30;25/10/2019;;;;;;;;;
POSBIMEP W;10:00-10:30;25/10/2019;35;;1;150;;;;;
POSBIMEP A;10:00-10:30;25/10/2019;;;;;;;;;
POSBIMEP E;10:00-10:30;25/10/2019;;;;;;;;;
PREBIMEP W;10:30-11:00;25/10/2019;;;;13;1;;;;
PREBIMEP A;10:30-11:00;25/10/2019;;;;;;;;;
PREBIMEP E;10:30-11:00;25/10/2019;;;;4;;;;;
BIMEP BAJO W;10:30-11:00;25/10/2019;7;;3;2;;;;;
BIMEP BAJO A;10:30-11:00;25/10/2019;;;;;;;;;
BIMEP BAJO E;10:30-11:00;25/10/2019;;;;;;;;;
BIMEP ALTO W;10:30-11:00;25/10/2019;;;;1;;;;;
BIMEP ALTO E;10:30-11:00;25/10/2019;;;;;;;;;
POSBIMEP W;10:30-11:00;25/10/2019;2;;;;;;;;
POSBIMEP A;10:30-11:00;25/10/2019;200;;;;;;;;
POSBIMEP E;10:30-11:00;25/10/2019;1;;;;;;;;
PREBIMEP W;11:00-11:30;25/10/2019;;;;25;;;;;
PREBIMEP A;11:00-11:30;25/10/2019;;;;;;;;;
PREBIMEP E;11:00-11:30;25/10/2019;;;;6;;;;;
BIMEP BAJO W;11:00-11:30;25/10/2019;30;2;;56;;;;;
BIMEP BAJO A;11:00-11:30;25/10/2019;;;;;;;;;
BIMEP BAJO E;11:00-11:30;25/10/2019;;;;;;;;;
BIMEP ALTO W;11:00-11:30;25/10/2019;1;;;;;;;;
BIMEP ALTO E;11:00-11:30;25/10/2019;;;;2;;;;;
POSBIMEP W;11:00-11:30;25/10/2019;46;1;1;1;;;;;
POSBIMEP A;11:00-11:30;25/10/2019;;;;;;;;;
POSBIMEP E;11:00-11:30;25/10/2019;;;;;;;;;
PREBIMEP W;11:30-12:00;25/10/2019;;;;1;;;;2;1
PREBIMEP A;11:30-12:00;25/10/2019;;;;;;;;;
PREBIMEP E;11:30-12:00;25/10/2019;;;;3;;;;;
BIMEP BAJO W;11:30-12:00;25/10/2019;10;8;4;8;;;;;
BIMEP BAJO A;11:30-12:00;25/10/2019;;;;;;;;;
BIMEP BAJO E;11:30-12:00;25/10/2019;;;;;;;;;
BIMEP ALTO W;11:30-12:00;25/10/2019;;;;;;;;;
BIMEP ALTO E;11:30-12:00;25/10/2019;;;;;;;;;
POSBIMEP W;11:30-12:00;25/10/2019;43;4;5;;;;;;
POSBIMEP A;11:30-12:00;25/10/2019;;;;;;;;;
POSBIMEP E;11:30-12:00;25/10/2019;;;;;;;;;
PREBIMEP W;14:45-15:15;25/10/2019;;;;10;1;;;;
PREBIMEP A;14:45-15:15;25/10/2019;;;;;;;;;
PREBIMEP E;14:45-15:15;25/10/2019;;;;;;;;;
BIMEP BAJO W;14:45-15:15;25/10/2019;8;;;1;;;;;
BIMEP BAJO A;14:45-15:15;25/10/2019;;;;;;;;;
BIMEP BAJO E;14:45-15:15;25/10/2019;;;;;;;;;
BIMEP ALTO W;14:45-15:15;25/10/2019;2;;;6;1;;;;
BIMEP ALTO E;14:45-15:15;25/10/2019;;;;;;;;;
POSBIMEP W;14:45-15:15;25/10/2019;22;;;308;;;;;
POSBIMEP A;14:45-15:15;25/10/2019;;;;;;;;;
POSBIMEP E;14:45-15:15;25/10/2019;;;;;;;;;
PREBIMEP W;15:15-15:45;25/10/2019;;;;;7;;;;
PREBIMEP A;15:15-15:45;25/10/2019;;;;;;;;;
PREBIMEP E;15:15-15:45;25/10/2019;;;;5;;;;;
BIMEP BAJO W;15:15-15:45;25/10/2019;;1;;;;;;;
BIMEP BAJO A;15:15-15:45;25/10/2019;;;;;;;;;
BIMEP BAJO E;15:15-15:45;25/10/2019;;;;44;;;;;
BIMEP ALTO W;15:15-15:45;25/10/2019;;;;;;;;2;
BIMEP ALTO E;15:15-15:45;25/10/2019;;;;2;;;;;
POSBIMEP W;15:15-15:45;25/10/2019;5;;;;;;;;
POSBIMEP A;15:15-15:45;25/10/2019;;;;;;;;;
POSBIMEP E;15:15-15:45;25/10/2019;;;;60;;;;;
PREBIMEP W;15:45-16:15;25/10/2019;1;;;11;6;;;;
PREBIMEP A;15:45-16:15;25/10/2019;;;;;;;;;
PREBIMEP E;15:45-16:15;25/10/2019;;;;15;;;;;
BIMEP BAJO W;15:45-16:15;25/10/2019;2;1;;;;;;;
BIMEP BAJO A;15:45-16:15;25/10/2019;;;;;;;;;
BIMEP BAJO E;15:45-16:15;25/10/2019;;;;3;;;;;
BIMEP ALTO W;15:45-16:15;25/10/2019;;;;4;;;;;
BIMEP ALTO E;15:45-16:15;25/10/2019;;;;;;;;;
POSBIMEP W;15:45-16:15;25/10/2019;;;;2;;;;;
POSBIMEP A;15:45-16:15;25/10/2019;;;;;;;;;
POSBIMEP E;15:45-16:15;25/10/2019;;;;30;;;;;
PREBIMEP W;16:15-16:45;25/10/2019;3;;;7;3;;;;
PREBIMEP A;16:15-16:45;25/10/2019;;;;;;;;;
PREBIMEP E;16:15-16:45;25/10/2019;;;;6;;;;;
BIMEP BAJO W;16:15-16:45;25/10/2019;5;1;;;;;;;
BIMEP BAJO A;16:15-16:45;25/10/2019;;;;;;;;;
BIMEP BAJO E;16:15-16:45;25/10/2019;;;;;;;;;
BIMEP ALTO W;16:15-16:45;25/10/2019;2;;;6;;;;;
BIMEP ALTO E;16:15-16:45;25/10/2019;;;;2;;;;;
POSBIMEP W;16:15-16:45;25/10/2019;2;1;;;;;;;
POSBIMEP A;16:15-16:45;25/10/2019;;;;;;;;;
POSBIMEP E;16:15-16:45;25/10/2019;;;;;;;;;
PREBIMEP W;16:45-17:15;25/10/2019;;;;37;1;;;;
PREBIMEP A;16:45-17:15;25/10/2019;;;;;;;;;
PREBIMEP E;16:45-17:15;25/10/2019;;;;27;;;;;
BIMEP BAJO W;16:45-17:15;25/10/2019;;;;3;;;;;
BIMEP BAJO A;16:45-17:15;25/10/2019;;;;;;;;;
BIMEP BAJO E;16:45-17:15;25/10/2019;;;;1;;;;;
BIMEP ALTO W;16:45-17:15;25/10/2019;;;;29;;;;;
BIMEP ALTO E;16:45-17:15;25/10/2019;;;;;;;;;
POSBIMEP W;16:45-17:15;25/10/2019;;;;;;;;;
POSBIMEP A;16:45-17:15;25/10/2019;100;;;;;;;;
POSBIMEP E;16:45-17:15;25/10/2019;;;;;;;;;
PREBIMEP W;17:15-17:45;25/10/2019;;;;41;3;;;;
PREBIMEP A;17:15-17:45;25/10/2019;;;;;;;;;
PREBIMEP E;17:15-17:45;25/10/2019;;;;10;;;;;
BIMEP BAJO W;17:15-17:45;25/10/2019;1;;;1;;;;1;
BIMEP BAJO A;17:15-17:45;25/10/2019;;;;;;;;;
BIMEP BAJO E;17:15-17:45;25/10/2019;;;;;;;;;
BIMEP ALTO W;17:15-17:45;25/10/2019;8;;;2;;;;7;
BIMEP ALTO E;17:15-17:45;25/10/2019;;;;;;;;;
POSBIMEP W;17:15-17:45;25/10/2019;5;;;4;;;;;
POSBIMEP A;17:15-17:45;25/10/2019;100;;;50;;;;;
POSBIMEP E;17:15-17:45;25/10/2019;;;;;;;;;
PREBIMEP W;9:15-9:45;11/11/2019;3;1;;106;55;;;;
PREBIMEP A;9:15-9:45;11/11/2019;;;;;;;;;
PREBIMEP E;9:15-9:45;11/11/2019;;;;7;;;;;
BIMEP BAJO W;9:15-9:45;11/11/2019;3;;;1;;;;;
BIMEP BAJO A;9:15-9:45;11/11/2019;;;;;;;;;
BIMEP BAJO E;9:15-9:45;11/11/2019;;;;;;;;;
BIMEP ALTO W;9:15-9:45;11/11/2019;;;;1;;;;;
BIMEP ALTO E;9:15-9:45;11/11/2019;;;;;;;;;
POSBIMEP W;9:15-9:45;11/11/2019;;;;;;;;;
POSBIMEP A;9:15-9:45;11/11/2019;;;;;;;;;
POSBIMEP E;9:15-9:45;11/11/2019;;;;;;;;;
PREBIMEP W;9:45-10:15;11/11/2019;4;1;;44;58;;;;
PREBIMEP A;9:45-10:15;11/11/2019;;;;;;;;;
PREBIMEP E;9:45-10:15;11/11/2019;;;;1;;;;;
BIMEP BAJO W;9:45-10:15;11/11/2019;;;;1;;;;;
BIMEP BAJO A;9:45-10:15;11/11/2019;;;;;;;;;
BIMEP BAJO E;9:45-10:15;11/11/2019;;;;;;;;;
BIMEP ALTO W;9:45-10:15;11/11/2019;;;;;;;;;
BIMEP ALTO E;9:45-10:15;11/11/2019;;;;;;;;;
POSBIMEP W;9:45-10:15;11/11/2019;;;;;;;;;
POSBIMEP A;9:45-10:15;11/11/2019;;;;;;;;;
POSBIMEP E;9:45-10:15;11/11/2019;;;;;;;;;
PREBIMEP W;10:15-10:45;11/11/2019;1;1;;40;13;;;10;
PREBIMEP A;10:15-10:45;11/11/2019;;;;;;;;;
PREBIMEP E;10:15-10:45;11/11/2019;;1;;6;;;;;
BIMEP BAJO W;10:15-10:45;11/11/2019;;;;;;;;;
BIMEP BAJO A;10:15-10:45;11/11/2019;;;;;;;;;
BIMEP BAJO E;10:15-10:45;11/11/2019;;;;;;;;;
BIMEP ALTO W;10:15-10:45;11/11/2019;;;;;;;;;
BIMEP ALTO E;10:15-10:45;11/11/2019;;;;;;;;;
POSBIMEP W;10:15-10:45;11/11/2019;;;;;;;;;
POSBIMEP A;10:15-10:45;11/11/2019;;;;;;;;;
POSBIMEP E;10:15-10:45;11/11/2019;;;;;;;;;
PREBIMEP W;10:45-11:15;11/11/2019;;1;;40;13;;;10;
PREBIMEP A;10:45-11:15;11/11/2019;;;;;;;;;
PREBIMEP E;10:45-11:15;11/11/2019;;;;;;;;;
BIMEP BAJO W;10:45-11:15;11/11/2019;;;;;;;;;
BIMEP BAJO A;10:45-11:15;11/11/2019;;;;;;;;;
BIMEP BAJO E;10:45-11:15;11/11/2019;;;;;;;;;
BIMEP ALTO W;10:45-11:15;11/11/2019;;;;;;;;;
BIMEP ALTO E;10:45-11:15;11/11/2019;;;;;;;;;
POSBIMEP W;10:45-11:15;11/11/2019;;;;;;;;;
POSBIMEP A;10:45-11:15;11/11/2019;;;;;;;;;
POSBIMEP E;10:45-11:15;11/11/2019;;;;;;;;;
PREBIMEP W;11:15-11:45;11/11/2019;1;;1;32;11;;;;
PREBIMEP A;11:15-11:45;11/11/2019;;;;;;;;;
PREBIMEP E;11:15-11:45;11/11/2019;;;;1;1;;;;
BIMEP BAJO W;11:15-11:45;11/11/2019;;;;;;;;;
BIMEP BAJO A;11:15-11:45;11/11/2019;;;;;;;;;
BIMEP BAJO E;11:15-11:45;11/11/2019;;;;;;;;;
BIMEP ALTO W;11:15-11:45;11/11/2019;;;;;;;;;
BIMEP ALTO E;11:15-11:45;11/11/2019;;;;;;;;;
POSBIMEP W;11:15-11:45;11/11/2019;;;;;;;;;
POSBIMEP A;11:15-11:45;11/11/2019;;;;;;;;;
POSBIMEP E;11:15-11:45;11/11/2019;;;;;;;;;
PREBIMEP W;11:45-12:15;11/11/2019;1;;;28;14;;;;
PREBIMEP A;11:45-12:15;11/11/2019;;;;;;;;;
PREBIMEP E;11:45-12:15;11/11/2019;;;;38;;;1;;
BIMEP BAJO W;11:45-12:15;11/11/2019;;;;;;;;;
BIMEP BAJO A;11:45-12:15;11/11/2019;;;;;;;;;
BIMEP BAJO E;11:45-12:15;11/11/2019;;;;;;;;;
BIMEP ALTO W;11:45-12:15;11/11/2019;;;;;;;;;
BIMEP ALTO E;11:45-12:15;11/11/2019;;;;;;;;;
POSBIMEP W;11:45-12:15;11/11/2019;;;;;;;;;
POSBIMEP A;11:45-12:15;11/11/2019;;;;;;;;;
POSBIMEP E;11:45-12:15;11/11/2019;;;;;;;;;
PREBIMEP W;14:45-15:15;11/11/2019;19;4;;15;10;;;;
PREBIMEP A;14:45-15:15;11/11/2019;;;;;;;;;
PREBIMEP E;14:45-15:15;11/11/2019;;;;;;;;;
BIMEP BAJO W;14:45-15:15;11/11/2019;60;2;;;;;;;2
BIMEP BAJO A;14:45-15:15;11/11/2019;;;;;;;;;
BIMEP BAJO E;14:45-15:15;11/11/2019;;;;;;;;;
BIMEP ALTO W;14:45-15:15;11/11/2019;;;;;;;;;
BIMEP ALTO E;14:45-15:15;11/11/2019;;;;;;;;;
POSBIMEP W;14:45-15:15;11/11/2019;;;;;;;;;
POSBIMEP A;14:45-15:15;11/11/2019;;;;;;;;;
POSBIMEP E;14:45-15:15;11/11/2019;;;;;;;;;
PREBIMEP W;15:15-15:45;11/11/2019;22;5;;2;1;;;1;
PREBIMEP A;15:15-15:45;11/11/2019;;;;;;;;;
PREBIMEP E;15:15-15:45;11/11/2019;;;;;;;;;
BIMEP BAJO W;15:15-15:45;11/11/2019;65;6;;;;;;;
BIMEP BAJO A;15:15-15:45;11/11/2019;;;;;;;;;
BIMEP BAJO E;15:15-15:45;11/11/2019;;;;;;;;;
BIMEP ALTO W;15:15-15:45;11/11/2019;;;;;;;;;
BIMEP ALTO E;15:15-15:45;11/11/2019;;;;;;;;;
POSBIMEP W;15:15-15:45;11/11/2019;;;;;;;;;
POSBIMEP A;15:15-15:45;11/11/2019;;;;;;;;;
POSBIMEP E;15:15-15:45;11/11/2019;;;;;;;;;
PREBIMEP W;15:45-16:15;11/11/2019;6;1;;17;2;;;;
PREBIMEP A;15:45-16:15;11/11/2019;;;;;;;;;
PREBIMEP E;15:45-16:15;11/11/2019;;;;;;;;;
BIMEP BAJO W;15:45-16:15;11/11/2019;89;11;2;;;;;;3
BIMEP BAJO A;15:45-16:15;11/11/2019;;;;;;;;;
BIMEP BAJO E;15:45-16:15;11/11/2019;;;;;;;;;
BIMEP ALTO W;15:45-16:15;11/11/2019;;;;;;;;;
BIMEP ALTO E;15:45-16:15;11/11/2019;;;;;;;;;
POSBIMEP W;15:45-16:15;11/11/2019;;;;;;;;;
POSBIMEP A;15:45-16:15;11/11/2019;;;;;;;;;
POSBIMEP E;15:45-16:15;11/11/2019;;;;;;;;;
PREBIMEP W;16:15-16:45;11/11/2019;4;2;;29;3;;;;
PREBIMEP A;16:15-16:45;11/11/2019;;;;;;;;;
PREBIMEP E;16:15-16:45;11/11/2019;;;;;;;;;
BIMEP BAJO W;16:15-16:45;11/11/2019;95;17;1;;;;;;
BIMEP BAJO A;16:15-16:45;11/11/2019;;;;;;;;;
BIMEP BAJO E;16:15-16:45;11/11/2019;;;;;;;;;
BIMEP ALTO W;16:15-16:45;11/11/2019;;;;;;;;;
BIMEP ALTO E;16:15-16:45;11/11/2019;;;;;;;;;
POSBIMEP W;16:15-16:45;11/11/2019;14;;;;;;;;
POSBIMEP A;16:15-16:45;11/11/2019;;;;;;;;;
POSBIMEP E;16:15-16:45;11/11/2019;;;;;;;;;
PREBIMEP W;9:30-10:00;28/11/2019;;;;12;3;;;;
PREBIMEP A;9:30-10:00;28/11/2019;;;;;;;;;
PREBIMEP E;9:30-10:00;28/11/2019;;;;1;;;;;
BIMEP BAJO W;9:30-10:00;28/11/2019;46;2;1;;;;;;
BIMEP BAJO A;9:30-10:00;28/11/2019;;;;;;;;;
BIMEP BAJO E;9:30-10:00;28/11/2019;1;;;;;;;;
BIMEP ALTO W;9:30-10:00;28/11/2019;;;;;;;;;
BIMEP ALTO E;9:30-10:00;28/11/2019;;;;;;;;;
POSBIMEP W;9:30-10:00;28/11/2019;;;;;;;;;
POSBIMEP A;9:30-10:00;28/11/2019;;;;;;;;;
POSBIMEP E;9:30-10:00;28/11/2019;;;;;;;;;
PREBIMEP W;10:00-10:30;28/11/2019;2;;;15;;;;;1
PREBIMEP A;10:00-10:30;28/11/2019;;;;;;;;;
PREBIMEP E;10:00-10:30;28/11/2019;;;;;;;;;
BIMEP BAJO W;10:00-10:30;28/11/2019;48;6;;2;;;;;
BIMEP BAJO A;10:00-10:30;28/11/2019;;;;;;;;;
BIMEP BAJO E;10:00-10:30;28/11/2019;1;;;3;;;;;
BIMEP ALTO W;10:00-10:30;28/11/2019;;;;;;;;;
BIMEP ALTO E;10:00-10:30;28/11/2019;;;;;;;;;
POSBIMEP W;10:00-10:30;28/11/2019;;;;;;;;;
POSBIMEP A;10:00-10:30;28/11/2019;;;;;;;;;
POSBIMEP E;10:00-10:30;28/11/2019;;;;;;;;;
PREBIMEP W;10:30-11:00;28/11/2019;1;;;13;2;;;;
PREBIMEP A;10:30-11:00;28/11/2019;;;;;;;;;
PREBIMEP E;10:30-11:00;28/11/2019;;;;;;;;;
BIMEP BAJO W;10:30-11:00;28/11/2019;23;4;1;6;;;;;
BIMEP BAJO A;10:30-11:00;28/11/2019;;;;;;;;;
BIMEP BAJO E;10:30-11:00;28/11/2019;2;;;;;;;;
BIMEP ALTO W;10:30-11:00;28/11/2019;;;;;;;;;
BIMEP ALTO E;10:30-11:00;28/11/2019;;;;;;;;;
POSBIMEP W;10:30-11:00;28/11/2019;5;;;;;;;;
POSBIMEP A;10:30-11:00;28/11/2019;;;;;;;;;
POSBIMEP E;10:30-11:00;28/11/2019;;;;;;;;;
PREBIMEP W;11:00-11:30;28/11/2019;;;;3;3;;;;
PREBIMEP A;11:00-11:30;28/11/2019;;;;;;;;;
PREBIMEP E;11:00-11:30;28/11/2019;;;;2;;;;;
BIMEP BAJO W;11:00-11:30;28/11/2019;14;7;3;;;;;;
BIMEP BAJO A;11:00-11:30;28/11/2019;;;;;;;;;
BIMEP BAJO E;11:00-11:30;28/11/2019;;;;;;;;;
BIMEP ALTO W;11:00-11:30;28/11/2019;;;;;;;;;
BIMEP ALTO E;11:00-11:30;28/11/2019;;;;;;;;;
POSBIMEP W;11:00-11:30;28/11/2019;;;;;;;;;
POSBIMEP A;11:00-11:30;28/11/2019;;;;;;;;;
POSBIMEP E;11:00-11:30;28/11/2019;;;;;;;;;
PREBIMEP W;11:30-12:00;28/11/2019;;;;;;;;;
PREBIMEP A;11:30-12:00;28/11/2019;;;;;;;;;
PREBIMEP E;11:30-12:00;28/11/2019;;;;;;;;;
BIMEP BAJO W;11:30-12:00;28/11/2019;57;8;2;;;;;;
BIMEP BAJO A;11:30-12:00;28/11/2019;;;;;;;;;
BIMEP BAJO E;11:30-12:00;28/11/2019;;;;;;;;;
BIMEP ALTO W;11:30-12:00;28/11/2019;;;;;;;;;
BIMEP ALTO E;11:30-12:00;28/11/2019;;;;;;;;;
POSBIMEP W;11:30-12:00;28/11/2019;2;;;;;;;;
POSBIMEP A;11:30-12:00;28/11/2019;;;;;;;;;
POSBIMEP E;11:30-12:00;28/11/2019;;;;;;;;;
PREBIMEP W;12:00-12:30;28/11/2019;1;;1;1;1;;;;
PREBIMEP A;12:00-12:30;28/11/2019;;;;;;;;;
PREBIMEP E;12:00-12:30;28/11/2019;;;;;;;;;
BIMEP BAJO W;12:00-12:30;28/11/2019;40;10;1;;;;;;
BIMEP BAJO A;12:00-12:30;28/11/2019;;;;;;;;;
BIMEP BAJO E;12:00-12:30;28/11/2019;;;;;;;;;
BIMEP ALTO W;12:00-12:30;28/11/2019;;;;;;;;;
BIMEP ALTO E;12:00-12:30;28/11/2019;;;;;;;;;
POSBIMEP W;12:00-12:30;28/11/2019;;;;;;;;;
POSBIMEP A;12:00-12:30;28/11/2019;;;;;;;;;
POSBIMEP E;12:00-12:30;28/11/2019;;;;;;;;;
PREBIMEP W;14:30-15:00;28/11/2019;2;;;4;9;;;;
PREBIMEP A;14:30-15:00;28/11/2019;;;;;;;;;
PREBIMEP E;14:30-15:00;28/11/2019;;;;1;1;;;;
BIMEP BAJO W;14:30-15:00;28/11/2019;24;6;;;;;;;
BIMEP BAJO A;14:30-15:00;28/11/2019;;;;;;;;;
BIMEP BAJO E;14:30-15:00;28/11/2019;;;;;;;;;
BIMEP ALTO W;14:30-15:00;28/11/2019;;;;;;;;;
BIMEP ALTO E;14:30-15:00;28/11/2019;;;;;;;;;
POSBIMEP W;14:30-15:00;28/11/2019;7;1;;;;;;;
POSBIMEP A;14:30-15:00;28/11/2019;;;;;;;;;
POSBIMEP E;14:30-15:00;28/11/2019;;;;;;;;;
PREBIMEP W;15:00-15:30;28/11/2019;2;1;1;9;14;;;;
PREBIMEP A;15:00-15:30;28/11/2019;;;;;;;;;
PREBIMEP E;15:00-15:30;28/11/2019;;;;1;;;;;
BIMEP BAJO W;15:00-15:30;28/11/2019;90;10;2;;1;;;;
BIMEP BAJO A;15:00-15:30;28/11/2019;;;;;;;;;
BIMEP BAJO E;15:00-15:30;28/11/2019;;;;;;;;;
BIMEP ALTO W;15:00-15:30;28/11/2019;5;;;;1;;;;
BIMEP ALTO E;15:00-15:30;28/11/2019;;;;;;;;;
POSBIMEP W;15:00-15:30;28/11/2019;8;;;;;;;;
POSBIMEP A;15:00-15:30;28/11/2019;;;;;;;;;
POSBIMEP E;15:00-15:30;28/11/2019;;;;;;;;;
PREBIMEP W;15:30-16:00;28/11/2019;;1;;2;5;;;;
PREBIMEP A;15:30-16:00;28/11/2019;;;;;;;;;
PREBIMEP E;15:30-16:00;28/11/2019;;;;4;;;;;
BIMEP BAJO W;15:30-16:00;28/11/2019;85;15;1;;;;;;
BIMEP BAJO A;15:30-16:00;28/11/2019;;;;;;;;;
BIMEP BAJO E;15:30-16:00;28/11/2019;;;;;;;;;
BIMEP ALTO W;15:30-16:00;28/11/2019;5;;;;;;;;
BIMEP ALTO E;15:30-16:00;28/11/2019;;;;;;;;;
POSBIMEP W;15:30-16:00;28/11/2019;1;;;;;;;;
POSBIMEP A;15:30-16:00;28/11/2019;;;;;;;;;
POSBIMEP E;15:30-16:00;28/11/2019;;;;;;;;;
PREBIMEP W;16:00-16:30;28/11/2019;2;;;3;1;;;;
PREBIMEP A;16:00-16:30;28/11/2019;;;;;;;;;
PREBIMEP E;16:00-16:30;28/11/2019;;;;1;;;;;
BIMEP BAJO W;16:00-16:30;28/11/2019;21;4;;;;;;;
BIMEP BAJO A;16:00-16:30;28/11/2019;;;;;;;;;
BIMEP BAJO E;16:00-16:30;28/11/2019;;;;;;;;;
BIMEP ALTO W;16:00-16:30;28/11/2019;;;;;;;;;
BIMEP ALTO E;16:00-16:30;28/11/2019;;;;;;;;;
POSBIMEP W;16:00-16:30;28/11/2019;;;;;;;;;
POSBIMEP A;16:00-16:30;28/11/2019;;;;;;;;;
POSBIMEP E;16:00-16:30;28/11/2019;;;;;;;;;
PREBIMEP W;16:30-17:00;28/11/2019;1;1;;;;;;;
PREBIMEP A;16:30-17:00;28/11/2019;;;;;;;;;
PREBIMEP E;16:30-17:00;28/11/2019;;;;1;;;;;
BIMEP BAJO W;16:30-17:00;28/11/2019;2;;;;;;;;
BIMEP BAJO A;16:30-17:00;28/11/2019;;;;;;;;;
BIMEP BAJO E;16:30-17:00;28/11/2019;;;;;;;;;
BIMEP ALTO W;16:30-17:00;28/11/2019;;;;;;;;;
BIMEP ALTO E;16:30-17:00;28/11/2019;;;;;;;;;
POSBIMEP W;16:30-17:00;28/11/2019;;;;;;;;;
POSBIMEP A;16:30-17:00;28/11/2019;;;;;;;;;
POSBIMEP E;16:30-17:00;28/11/2019;;;;;;;;;
PREBIMEP W;9:15-9:45;13/12/2019;1;;;7;3;;;;
PREBIMEP A;9:15-9:45;13/12/2019;;;;;;;;;
PREBIMEP E;9:15-9:45;13/12/2019;1;;;13;2;;;;
BIMEP BAJO W;9:15-9:45;13/12/2019;67;2;;;;;;;
BIMEP BAJO A;9:15-9:45;13/12/2019;;;;;;;;;
BIMEP BAJO E;9:15-9:45;13/12/2019;;;;;;;;;
BIMEP ALTO W;9:15-9:45;13/12/2019;;;;;;;;;
BIMEP ALTO E;9:15-9:45;13/12/2019;;;;;;;;;
POSBIMEP W;9:15-9:45;13/12/2019;;;;;;;;;
POSBIMEP A;9:15-9:45;13/12/2019;;;;;;;;;
POSBIMEP E;9:15-9:45;13/12/2019;;;;;;;;;
PREBIMEP W;9:45-10:15;13/12/2019;1;;;6;;;;;
PREBIMEP A;9:45-10:15;13/12/2019;;;;;;;;;
PREBIMEP E;9:45-10:15;13/12/2019;;;;10;1;;;;
BIMEP BAJO W;9:45-10:15;13/12/2019;55;3;;;;;;;
BIMEP BAJO A;9:45-10:15;13/12/2019;;;;;;;;;
BIMEP BAJO E;9:45-10:15;13/12/2019;;;;2;;;;;
BIMEP ALTO W;9:45-10:15;13/12/2019;;;;;;;;;
BIMEP ALTO E;9:45-10:15;13/12/2019;;;;;;;;;
POSBIMEP W;9:45-10:15;13/12/2019;;;;;;;;;
POSBIMEP A;9:45-10:15;13/12/2019;;;;;;;;;
POSBIMEP E;9:45-10:15;13/12/2019;;;;;;;;;
PREBIMEP W;10:15-10:45;13/12/2019;2;;;17;2;;;;
PREBIMEP A;10:15-10:45;13/12/2019;;;;;;;;;
PREBIMEP E;10:15-10:45;13/12/2019;;;;;;;;;
BIMEP BAJO W;10:15-10:45;13/12/2019;65;4;;;;;;;
BIMEP BAJO A;10:15-10:45;13/12/2019;;;;;;;;;
BIMEP BAJO E;10:15-10:45;13/12/2019;;;;;;;;;
BIMEP ALTO W;10:15-10:45;13/12/2019;;;;;;;;;
BIMEP ALTO E;10:15-10:45;13/12/2019;;;;;;;;;
POSBIMEP W;10:15-10:45;13/12/2019;;;;;;;;;
POSBIMEP A;10:15-10:45;13/12/2019;;;;;;;;;
POSBIMEP E;10:15-10:45;13/12/2019;;;;;;;;;
PREBIMEP W;10:45-11:15;13/12/2019;13;1;;28;1;;;;
PREBIMEP A;10:45-11:15;13/12/2019;;;;;;;;;
PREBIMEP E;10:45-11:15;13/12/2019;;;;;;;;;
BIMEP BAJO W;10:45-11:15;13/12/2019;66;2;;;;;;;
BIMEP BAJO A;10:45-11:15;13/12/2019;;;;;;;;;
BIMEP BAJO E;10:45-11:15;13/12/2019;;;;;;;;;
BIMEP ALTO W;10:45-11:15;13/12/2019;;;;;;;;;
BIMEP ALTO E;10:45-11:15;13/12/2019;;;;;;;;;
POSBIMEP W;10:45-11:15;13/12/2019;;;;;;;;;
POSBIMEP A;10:45-11:15;13/12/2019;;;;;;;;;
POSBIMEP E;10:45-11:15;13/12/2019;;;;;;;;;
PREBIMEP W;11:45-11:45;13/12/2019;6;;;7;3;;;;
PREBIMEP A;11:45-11:45;13/12/2019;;;;;;;;;
PREBIMEP E;11:45-11:45;13/12/2019;;;;;;;;;
BIMEP BAJO W;11:45-11:45;13/12/2019;39;10;;;;;;;
BIMEP BAJO A;11:45-11:45;13/12/2019;;;;;;;;;
BIMEP BAJO E;11:45-11:45;13/12/2019;;;;;;;;;
BIMEP ALTO W;11:45-11:45;13/12/2019;;;;;;;;;
BIMEP ALTO E;11:45-11:45;13/12/2019;;;;;;;;;
POSBIMEP W;11:45-11:45;13/12/2019;;;;;;;;;
POSBIMEP A;11:45-11:45;13/12/2019;;;;;;;;;
POSBIMEP E;11:45-11:45;13/12/2019;;;;;;;;;
PREBIMEP W;11:45-12:15;13/12/2019;9;1;;12;4;;;;
PREBIMEP A;11:45-12:15;13/12/2019;;;;;;;;;
PREBIMEP E;11:45-12:15;13/12/2019;;;;1;;;;;
BIMEP BAJO W;11:45-12:15;13/12/2019;48;7;;;;;;;
BIMEP BAJO A;11:45-12:15;13/12/2019;;;;;;;;;
BIMEP BAJO E;11:45-12:15;13/12/2019;;;;;;;;;
BIMEP ALTO W;11:45-12:15;13/12/2019;;;;;;;;;
BIMEP ALTO E;11:45-12:15;13/12/2019;;;;;;;;;
POSBIMEP W;11:45-12:15;13/12/2019;;;;;;;;;
POSBIMEP A;11:45-12:15;13/12/2019;;;;;;;;;
POSBIMEP E;11:45-12:15;13/12/2019;;;;;;;;;
PREBIMEP W;14:25-14:55;13/12/2019;610;3;;29;3;;;3;
PREBIMEP A;14:25-14:55;13/12/2019;;;;;;;;;
PREBIMEP E;14:25-14:55;13/12/2019;;;;;;;;;
BIMEP BAJO W;14:25-14:55;13/12/2019;165;;;;;;;;
BIMEP BAJO A;14:25-14:55;13/12/2019;;;;;;;;;
BIMEP BAJO E;14:25-14:55;13/12/2019;;;;;;;;;
BIMEP ALTO W;14:25-14:55;13/12/2019;;;;;;;;;
BIMEP ALTO E;14:25-14:55;13/12/2019;;;;;;;;;
POSBIMEP W;14:25-14:55;13/12/2019;;;;;;;;;
POSBIMEP A;14:25-14:55;13/12/2019;;;;;;;;;
POSBIMEP E;14:25-14:55;13/12/2019;;;;;;;;;
PREBIMEP W;14:55-15:25;13/12/2019;965;206;5;19;12;;;;
PREBIMEP A;14:55-15:25;13/12/2019;;;;;;;;;
PREBIMEP E;14:55-15:25;13/12/2019;;;;1;;;;;
BIMEP BAJO W;14:55-15:25;13/12/2019;;;1;;1;;;;
BIMEP BAJO A;14:55-15:25;13/12/2019;;;;;;;;;
BIMEP BAJO E;14:55-15:25;13/12/2019;;;;;;;;;
BIMEP ALTO W;14:55-15:25;13/12/2019;;;;;;;;;
BIMEP ALTO E;14:55-15:25;13/12/2019;;;;;;;;;
POSBIMEP W;14:55-15:25;13/12/2019;;;;;;;;;
POSBIMEP A;14:55-15:25;13/12/2019;;;;;;;;;
POSBIMEP E;14:55-15:25;13/12/2019;;;;;;;;;
PREBIMEP W;15:25-15:55;13/12/2019;580;;1;4;1;;;;
PREBIMEP A;15:25-15:55;13/12/2019;;;;;;;;;
PREBIMEP E;15:25-15:55;13/12/2019;;;;;;;;;
BIMEP BAJO W;15:25-15:55;13/12/2019;46;;;;;;;;
BIMEP BAJO A;15:25-15:55;13/12/2019;;;;;;;;;
BIMEP BAJO E;15:25-15:55;13/12/2019;;;;;;;;;
BIMEP ALTO W;15:25-15:55;13/12/2019;;;;;;;;;
BIMEP ALTO E;15:25-15:55;13/12/2019;;;;;;;;;
POSBIMEP W;15:25-15:55;13/12/2019;;;;;;;;;
POSBIMEP A;15:25-15:55;13/12/2019;;;;;;;;;
POSBIMEP E;15:25-15:55;13/12/2019;;;;;;;;;
PREBIMEP W;15:55-16:25;13/12/2019;225;;;;;;;;
PREBIMEP A;15:55-16:25;13/12/2019;;;;;;;;;
PREBIMEP E;15:55-16:25;13/12/2019;;;;;1;;;;
BIMEP BAJO W;15:55-16:25;13/12/2019;181;;;;;;;;
BIMEP BAJO A;15:55-16:25;13/12/2019;;;;;;;;;
BIMEP BAJO E;15:55-16:25;13/12/2019;;;;;;;;;
BIMEP ALTO W;15:55-16:25;13/12/2019;;;;;;;;;
BIMEP ALTO E;15:55-16:25;13/12/2019;;;;;;;;;
POSBIMEP W;15:55-16:25;13/12/2019;;;;;;;;;
POSBIMEP A;15:55-16:25;13/12/2019;;;;;;;;;
POSBIMEP E;15:55-16:25;13/12/2019;;;;;;;;;
